order_id,order_date,customer_name,customer_id,email,phone,address,product,quantity,unit_price,discount,tax,shipping_cost,total_price,currency,payment_status,fulfillment_status,shipping_country,shipping_method,order_tags,notes,orderid,orderdate
1000-01,2025-12-10,Erin Obrien,22199,olivia54@example.org,189186864968383,"8928 Jennifer Mills North Adam, AL 92121",Dumbbell Set 20kg,2.5,45.0,9.0,5.4,,90.0,,partially refunded,fulfilled,United States of America,Express,vip;backorder;first-time,"Fragile, handle with care",1000-01,2025-12-10
ORD1001,2016-10-01,Emily Duffy,CUST-473,molly35@example.net,,257 Stacy Mountain South Seanborough DC 55650,Whey Protein,2.5,35.0,10.5,0.15,7.5,,USD,paid,partial,United States,Pickup,gift;vip,"Fragile, handle with care",,
ORD-1002,2026-01-07,Timothy Stewart,43840,cranejoan@example.net,0014168244664,"99453 Burns Village Suite 747 Hamiltonbury, FM 22967",Whey Protein,5.0,35.0,17.5,10.5,9.99,175.0,EUR,paid,partial,U.S.A.,Pickup,vip;first-time;gift,,,
ORD-1003,2025-12-06,Jason Morales,CUST-457,paulburgess@example.net,5817758256,"80730 Laura Drives Suite 076 New Johntown, MP 65703",Bottle Steel,10.0,45.0,,31.5,7.5,450.0,EUR,chargeback,unfulfilled,United States of America,Pickup,,"Fragile, handle with care",ORD-1003,
1004,2025-12-07,John Blake,,amy43@example.com,3839074566,"2051 Jacob Meadow Suite 997, Timothymouth, PR 79316",Stainl3ss Water Bottle,4.0,15.5,0.0,3.72,9.99,62.0,,unpaid,cancelled,United States of America,Local Delivery,gift;backorder;wholesale,,,2025-12-07
ORD-1005,2026-01-05,Robert Garcia,,corey44 at example.net,,"919 Michael Views Johnport, NC 71079",Running Shoes (Pro),7.0,89.99,94.49,44.1,0.0,7.0,,paid,unfulfilled,USA,Express,first-time;backorder,Leave at door,,
1006-01,2025-12-18,"Boyer, Lisa",CUST-736,griffithmichael@example.net,486347172022523,"590 Garcia Fords Ellisonbury, AS 63316",WheyProtein,9.0,35.0,0.05,22.05,9.99,315.0,US$,partially refunded,unfulfilled,United States of America,International,,!!!,1006-01,
ORD1007,,Toni Mills,CUST-428,fesparza at example.com,682474205716796,,Running Sho3s (Pro),9.0,89.99,80.99,64.79,7.5,809.91,US$,paid,fulfilled,United States of America,Express,backorder;first-time;vip,,,
ORD1008,2015-12-23,Jonathan Brown,23130,walterluke@example.com,661530018293549,"427 Sierra Fork, New Kimberlyshire, MN 15715",Yoga Mat,7.0,29.99,20.99,14.7,4.99,209.93,US$,paid,partial,United States of America,Standard,gift;wholesale;backorder,!!!,,2015-12-23
ORD-1009,2026-01-20,Steven Crosby,CUST-591,allenjesus@example.org,0017673289477541,"390 Campbell Lake Justinfurt, NV 52404",yoga mat,1.0,29.99,0.0,2.1,4.99,29.99,EUR,paid,fulfilled,"California, US",Local Delivery,,!!!,ORD-1009,
1010,2025-12-10,Jason Reynolds,21165,smithjohn@example.org,13599290160,"7485 Ware Drive Apt. 280, East Justin, MT 56580",Dumbbell Set 20kg,3.0,45.0,0.0,10.8,7.5,135.0,EUR,refunded,fulfilled,USA,Express,,Leave at door,,
ORD-1011,2025-12-05,Gregory Hernandez,40715,armstrongjessica@example.com,2412635572,"3338 Tanner Loaf Apt. 198 Gatesborough, PA 41608",Running Shoes (Pro),1.0,-89.99,4.5,6.3,0.0,89.99,US$,partially refunded,cancelled,US,Standard,wholesale,,,
1012,2025-12-19,Laurie Singleton,CUST-826,lori43 at example.org,22660062528311,"10340 Wright Shoals Apt. 773 New Gary, WY 63042",RUNNING SHOES (PRO),6.0,89.99,0.15,43.2,,539.9399999999999,USD,chargeback,fulfilled,"California, US",Standard,wholesale;first-time,"Fragile, handle with care",1012,2025-12-19
#1013,2026-01-19,Kayla Garrison,CUST-235,,3069632700,"090 Cohen Haven Weberbury, KY 84155",Running Shoes (Pro),2.0,89.99,27.0,14.4,0.0,179.98,USD,refunded,fulfilled,United States,International,vip,,,
01014,2025-12-08,David Ross,50178,mcdonaldsteven@example.org,6426137404,"188 Lori Terrace Suite 880 Shaunland, IA 22906",Yoga Mat,4.0,29.99,,-7.2,-0.0,119.96,,unpaid,fulfilled,"United States, CA",Local Delivery,,"Fragile, handle with care",,
1015-01,2025-12-01,"Solomon, Melanie",CUST-713,karigalvan@example.net,0016316269673,"4091 Johnson Divide, Andradeport, AZ 87481",Running Sho3s (Pro),10.0,89.99,89.99,62.99,7.5,899.9,EUR,partially refunded,unfulfilled,United States of America,Pickup,first-time;backorder;gift,Leave at door,1015-01,
01016,2026-09-12,Jessica Cross,81352,amanda07@example.com,,"Unit 8706 Box 0432, DPO AA 01963",Stainless Water Bottle,10.0,15.5,0.0,10.85,9.99,155.0,USD,paid,cancelled,U.S.A.,Express,vip,,,2026-09-12
Order ID,,Customer Name,Customer ID,email,Phone,Address,Product,,,,,,,CURRENCY,payment status,fulfillment status,Shipping Country,Shipping Method,order tags,Notes,,
1018,2026-01-25,Katelyn Peters,86462,yleach@example.com,673481901356313,"6732 Garrett Trail East George, MO 71926",Stainless Water Bottle,3.0,15.5,0.05,2.79,9.99,46.5,USD,paid,fulfilled,U.S.A.,Express,first-time;vip;gift,!!!,1018,
,,Sharon Velez,62739,alexander14@example.net,001298218547726431,"82510 Carol Fields Suite 301 Port Kenneth, FL 90660",Yoga Mat,2.0,29.99,-6.0,4.2,7.5,59.98,USD,unpaid,cancelled,United States,Standard,gift,,,
01020,2025-12-29,Cheryl Hamilton,CUST-341,,,"554 King Forges Suite 507, Meganshire, VT 99078",Stainl3ss Water Bottle,1.0,-15.5,1.55,0.93,,1.0,USD,paid,partial,U.S.A.,Standard,,Leave at door,,2025-12-29
ORD1021,2026-03-01,Jordan Brown,CUST-473,hgonzalez@example.net,3134503668077,"USNV Miller, FPO AA 97917",Whey Protein,7.5,35.0,,19.6,,-245.0,,unpaid,fulfilled,United States,Local Delivery,first-time;gift,!!!,ORD1021,
1022-01,2026-01-26,William Meyer,,,2188386588,"3981 Randy Walk Suite 069, Allisonport, AK 99689",WheyProtein,9.0,35.0,31.5,0.05,4.99,315.0,US$,paid,cancelled,US-CA,Local Delivery,wholesale;backorder,Leave at door,,
01023,2025-12-14,Amanda Rose,56932,annberry@example.org,8243347998,"783 Brandon Port Underwoodtown, HI 51386",Running Shoes (Pro),6.0,89.99,80.99,43.2,0.0,-539.94,,partially refunded,unfulfilled,USA,Local Delivery,wholesale;backorder,,,
#1024,2026-01-25,Cassandra Watson,10721,,15715470048927,"082 Schaefer Inlet Port Amyville, ME 73992",Yoga Matt,6.0,15.5,0.0,7.44,4.99,93.0,US$,partially refunded,partial,US-CA,Express,first-time;backorder;gift,Call before delivery,#1024,2026-01-25
#1025,2026-01-04,Monica Miles,89161,,4642937863516,,Wh3y Protein,10.0,35.0,35.0,28.0,9.99,350.0,USD,unpaid,partial,usa,Standard,wholesale;backorder,Call before delivery,,
ORD-1026,2025-12-06,Rachel Evans,CUST-145,wyattsara at example.org,54036272183856,"7907 Brock Isle Apt. 076 West Charleston, SD 44618",Running Shoes (Pro),1.0,89.99,0.0,5.4,-4.99,89.99,USD,paid,unfulfilled,United States of America,Local Delivery,gift,"Fragile, handle with care",,
ORD1027,2025-12-06,"Johnson, Jill",CUST-592,lorigay@example.org,,"693 Connor Islands Apt. 966 Lake Jennifermouth, TX 97704",Yoga Mat,7.0,29.99,10.5,12.6,7.5,209.93,EUR,paid,partial,United States,Local Delivery,first-time,Leave at door,ORD1027,
#1028,2025-12-31,Lisa Wright,40449,matthewtaylor@example.org,2693630327,"1553 Vasquez Court Apt. 150 Candiceland, AR 22122",Whey Protein,10.0,35.0,-0.0,21.0,4.99,-350.0,USD,paid,cancelled,"United States, CA",Local Delivery,vip,"Fragile, handle with care",,2025-12-31
1029-01,2026-01-05,Rebecca Wood,,awillis@example.com,5926054439,509 Allison Glen Apt. 621 Michaelview WA 12171,dumbbell set 20kg,4.0,45.0,0.0,10.8,9.99,180.0,EUR,refunded,fulfilled,"California, US",Pickup,gift;wholesale,,,
1030-01,2025-12-24,Samuel Turner,34039,jennifersanders@example.net,8017249826,"92360 Mccann Dam Apt. 134 North Dylan, MA 53942",DUMBBELL SET 20KG,4.5,45.0,9.0,0.15,4.99,180.0,USD,chargeback,unfulfilled,US-CA,Standard,vip,,1030-01,
1031-01,2025-12-28,"Lynch, Brittany",CUST-224,fieldsisaiah@example.org,1875429468868396,"Unit 3489 Box 0420, DPO AA 36142",whey protein,1.0,35.0,0.2,2.1,7.5,35.0,,paid,fulfilled,"United States, CA",International,wholesale,!!!,,
1032,2025-12-27,Ashley Bond,CUST-901,,9913303393,"4942 Regina Bridge Apt. 150 East Williambury, AZ 26338",US,6.5,89.99,0.0,37.8,0.0,539.9399999999999,,paid,partial,RUNNING SHOES (PRO),Local Delivery,,"Fragile, handle with care",,2025-12-27
01033,2026-01-02,Tommy Koch,25934,ccrawford@example.org,7762496531,"812 Walker Roads, New Franklin, AZ 99567",U S A,2.5,89.99,0.15,12.6,0.0,179.98,,paid,partial,Running Shoes (Pro),International,vip,,01033,
1034,2021-01-30,"Moore, Kevin",CUST-889,lance88@example.com,581278263685499,"930 Wang Shoal Robertburgh, MD 37092",Dumbbell Set 20kg,10.0,45.0,22.5,31.5,-7.5,450.0,EUR,unpaid,fulfilled,US,International,,!!!,,
ORD1036,2025-12-12,Brian Maynard,62150,,9695561522,"48060 Lyons Forest Ortizville, KS 35209",WheyProtein,10.5,35.0,-0.0,,9.99,350.0,EUR,paid,partial,U S A,Local Delivery,gift;vip,"Fragile, handle with care",ORD1036,2025-12-12
ORD-1037,,Michael Davidson,76013,sarah66 at example.net,4245951265,,stainless water bottle,9.0,-15.5,0.2,8.37,0.0,139.5,USD,unpaid,fulfilled,usa,Pickup,wholesale;vip;first-time,,,
1038-01,,Patrick Myers,CUST-203,meganstewart@example.org,34226041011641,"3469 Wagner Fords Apt. 601 Debbiefurt, MA 51751",Runner Shoes Pro,1.0,45.0,2.25,3.6,4.99,45.0,EUR,paid,partial,United States,Express,first-time,Call before delivery,,
#1039,2026-01-13,John Sanders,CUST-831,timothycarroll@example.org,,"7374 Matthew Extension Suite 300, Lake Dakota, ME 77904",Stainless Water Bottle,5.0,15.5,3.88,4.65,4.99,77.5,USD,refunded,fulfilled,United States of America,Local Delivery,,Call before delivery,#1039,
,2026-01-15,Dan Cole,,iguerrero@example.net,521787578740309,"53305 Megan Turnpike Suite 901 Lake Christine, WV 23492",Wh3y Protein,7.0,35.0,24.5,14.7,0.0,245.0,USD,refunded,cancelled,US-CA,Local Delivery,gift;vip;wholesale,,,2026-01-15
1041-01,2025-12-20,"Johnson, Joanne",20121,zward@example.org,,USCGC Ramsey FPO AP 15815,Whey Protein,9.0,35.0,0.0,,0.0,315.0,,partially refunded,partial,US,Local Delivery,,,,
01042,,"Ortiz, Michael",27125,haleernest@example.net,,"17833 Stewart Plaza Apt. 526 Brownside, AR 70686",Yoga Mat,10.5,29.99,44.98,17.99,4.99,299.9,USD,partially refunded,fulfilled,United States of America,International,gift;first-time,"Fragile, handle with care",01042,
1043,2026-01-01,"Roth, Leah",49512,schwartzmichele@example.com,12039925261,"PSC 8566, Box 0883 APO AA 32975",Dumbbell Set 20kg,10.0,45.0,0.0,27.0,4.99,450.0,,paid,unfulfilled,usa,International,backorder,"Fragile, handle with care",,
ORD1044,2025-05-12,Marc Jordan,43953,fieldscasey@example.net,4364336161,,Dumbbell Set 20kg,6.0,45.0,13.5,-16.2,0.0,270.0,EUR,chargeback,fulfilled,United States,Local Delivery,vip;wholesale;backorder,Call before delivery,,2025-05-12
#1045,2026-01-02,Benjamin Johnson,CUST-929,,8626914626,"0680 Quinn Forest Suite 307 Michellechester, WA 83775",Whey Protein,6.0,35.0,31.5,12.6,7.5,210.0,EUR,chargeback,fulfilled,United States,Express,gift;vip,Call before delivery,#1045,
#1046,2026-01-09,David Bullock,CUST-787,unknown@,9088424272,"37991 Malone Brook Ryanstad, CA 89135",yoga mat,4.0,-29.99,-17.99,0.1,9.99,-119.96,USD,partially refunded,fulfilled,USA,Pickup,vip;backorder;wholesale,Leave at door,,
,2025-12-26,Yvonne Tucker,CUST-367,lisa28 at example.net,00197187672220785,976 Hernandez Plaza Danielland WY 01092,Whey Protein,4.0,35.0,21.0,8.4,7.5,140.0,USD,paid,unfulfilled,US-CA,International,,Leave at door,,
ORD1048,2025-12-10,Anna Payne,CUST-658,bmiller@example.net,5665888103,"86221 Espinoza Fields Lake Oscarberg, OR 29136",WheyProtein,8.5,35.0,0.0,-19.6,,280.0,USD,partially refunded,fulfilled,U.S.A.,Pickup,first-time;vip;gift,,ORD1048,2025-12-10
ORD-1049,2026-01-09,Kelly Diaz,69298,whamilton@example.org,9982454387,,Yoga Matt,1.0,-15.5,-2.32,1.24,9.99,15.5,USD,chargeback,partial,US-CA,Express,wholesale,,,
01050,2026-01-20,Sarah Adams,CUST-927,jasonward@example.org,55229198759393,"810 Laura Mills, Harrismouth, VT 76915",Stainless Water Bottle,4.0,15.5,,4.96,0.0,-62.0,USD,partially refunded,fulfilled,USA,Standard,backorder,!!!,,
1051,2026-01-20,Lauren Grant,CUST-627,,001276684250725738,,Whey Protein,7.0,35.0,12.25,17.15,9.99,245.0,,paid,fulfilled,U.S.A.,Local Delivery,backorder;gift,Call before delivery,1051,
1052,2025-02-12,Jesse Griffin,13588,jessica68@example.org,,"516 Mark Lodge Michelleside, MP 10277",Running Shoes (Pro),10.0,89.99,45.0,62.99,4.99,899.9,USD,chargeback,fulfilled,United States,Express,wholesale,Leave at door,,2025-02-12
ORD-1053,2026-01-08,Jason Cook,CUST-420,raymondhorn@example.org,0017528940716,"6002 Maureen Views Suite 406 Ashleyview, CO 53713",running shoes (pro),2.5,89.99,0.2,10.8,7.5,179.98,,paid,cancelled,US-CA,Local Delivery,first-time,!!!,,
1054,2025-12-19,Matthew Cruz,CUST-405,kathleen38@example.net,5259189999,"366 Macias Mountain Apt. 141 West Yolanda, TN 15912",Dumbbell Set 20kg,3.0,-45.0,13.5,10.8,7.5,135.0,US$,chargeback,partial,"United States, CA",Pickup,,,1054,
1055,2025-12-10,Tracy Gould,36487,delacruzbrent@example.com,799576649762012,,Yoga Mat,10.5,29.99,44.98,20.99,7.5,299.9,USD,chargeback,cancelled,US-CA,Pickup,first-time;backorder,Call before delivery,,
1056,2026-01-19,Jennifer Richards,51408,,377580978041710,,Running Shoes (Pro),9.0,89.99,40.5,56.69,,809.91,EUR,paid,partial,USA,Pickup,vip,,,2026-01-19
01057,2026-01-17,Paula Mckee Dvm,33119,ricardo41@example.net,8496560440,,Yoga Mat,7.0,29.99,10.5,12.6,0.0,209.93,USD,paid,unfulfilled,"United States, CA",Express,vip;first-time;backorder,,01057,
01058,2026-01-20,"Mason, Holly",CUST-144,mullinsvictoria@example.org,9322167502,55679 Donna Creek Apt. 868 Port Jennifershire AL 11403,Stainless Water Bottle,5.0,15.5,-7.75,5.43,0.0,77.5,USD,partially refunded,fulfilled,U.S.A.,Standard,wholesale;vip;first-time,,,
1059-01,2026-01-24,Charles Barr,,shannon52@example.com,6545901351,"673 Collins Trafficway, Khanbury, NM 63006",running shoes (pro),5.0,89.99,67.49,36.0,-4.99,449.95,USD,refunded,partial,US,Express,,"Fragile, handle with care",,
,2021-02-14,Stephanie Garrett,28354,,4728171673,"8399 Winters Isle Port Michelle, VI 44130",Yoga Mat,3.0,29.99,9.0,7.2,0.0,89.97,US$,paid,cancelled,U S A,Standard,wholesale;first-time,,,2021-02-14
ORD1061,2025-12-27,Jessica Johnson,CUST-196,xconrad@example.com,0018154645168199,"304 Glenn Squares Apt. 437 South Ericside, NH 36636",Whey Protein,3.5,35.0,5.25,6.3,7.5,105.0,USD,paid,partial,United States,Standard,vip;gift;first-time,Call before delivery,,
01062,2025-11-28,Caitlin Williams,39014,huffmandavid at example.org,4994240239423,"3976 Thomas Harbors Suite 259 Parkerton, WI 79901",DumbbellSet20kg,8.0,45.0,36.0,28.8,9.99,360.0,US$,unpaid,cancelled,"United States, CA",Express,,Call before delivery,,
1063-01,,Kevin Clark,CUST-105,stephensvictor@example.com,745911622059122,35266 Tara Isle Suite 220 Scottberg NY 35976,Dumbb3ll Set 20kg,3.0,45.0,0.05,9.45,7.5,135.0,US$,chargeback,fulfilled,United States,Pickup,first-time;backorder,,1063-01,
#1064,2025-12-02,Elizabeth Hendrix,35674,duncancarolyn@example.com,00173780525567528,"9912 Bernard Street Richardsontown, PW 19462",Running Shoes (Pro),8.0,89.99,0.0,43.2,0.0,719.92,USD,partially refunded,fulfilled,U.S.A.,International,vip;wholesale,Leave at door,,2025-12-02
#1065,2025-12-13,Kara Beard,CUST-713,gjackson@example.net,7462184137488,"740 Pacheco Green Suite 247 North Jenniferville, FL 72353",Dumbbell Set 20kg,10.5,-45.0,45.0,0.2,,450.0,,refunded,unfulfilled,United States,Express,gift,Call before delivery,,
1066-01,2025-12-27,"Wright, Alicia",CUST-425,victor37@example.net,69024044331911,USNV Anderson FPO AP 32433,RunningShoes(Pro),10.0,89.99,89.99,,9.99,899.9,,paid,unfulfilled,United States of America,Express,wholesale,,1066-01,
01067,2025-12-22,"Pham, Rebecca",83015,nicolemedina@example.org,3573930676,"161 Nancy Ramp South Christychester, GA 65297",Whey Protein,1.0,35.0,,2.8,,35.0,USD,unpaid,cancelled,USA,Local Delivery,vip;backorder;wholesale,"Fragile, handle with care",,
#1068,2025-12-02,Jamie Morales,CUST-982,ruizkatherine at example.com,250734623164977,USNV Smith FPO AE 88887,Stainless Water Bottle,3.5,-15.5,0.0,3.72,7.5,46.5,EUR,paid,cancelled,United States of America,Express,first-time;backorder;gift,Call before delivery,,2025-12-02
#1069,2026-01-06,Ashley Hill,98409,andersonsherry@example.net,0016483285471,"7322 Rodgers Ramp Suite 161 Kennethville, OH 05261",Stainless Water Bottle,9.0,,6.98,8.37,,139.5,US$,refunded,fulfilled,US-CA,Express,gift;backorder,,#1069,
#1070,2026-01-08,Dawn Montoya,48553,anna90@example.net,417863513103723,"8385 Elizabeth Ports Apt. 604 South Joseph, VI 58615",Whey Protein,6.0,35.0,31.5,14.7,4.99,210.0,USD,paid,partial,United States,Standard,wholesale,"Fragile, handle with care",,
#1071,2025-12-26,Alexandra Bryant,65955,,25840296366072,"324 Stein Lock Suite 989 Bridgetfurt, GU 90250",Running Shoes (Pro),10.5,89.99,0.0,62.99,,899.9,,paid,cancelled,United States of America,Express,gift;wholesale;vip,Call before delivery,,
#1072,2026-01-18,Brian Robinson,CUST-801,chambersstacy@example.org,3645059783,"475 Reed Brooks Suite 058 East Susan, MP 71239",Whey Protein,2.5,35.0,0.0,5.6,9.99,70.0,,paid,partial,US-CA,International,,,#1072,2026-01-18
1073,2025-12-28,Anthony Higgins,CUST-938,rbraun@example.org,0016033694634,"60111 Suzanne Meadows Apt. 876 Nicoleville, KY 79269",Dumbbell Set 20kg,10.5,-45.0,0.0,36.0,7.5,450.0,USD,paid,partial,US-CA,Express,wholesale,Call before delivery,,
ORD1074,2025-01-12,Spencer Lam,CUST-145,amy40 at example.net,18864128614556,"420 Adam Ford North Kathleenchester, WA 50856",Dumbbell Set 20kg,7.0,45.0,31.5,-22.05,7.5,315.0,USD,unpaid,fulfilled,"California, US",Pickup,wholesale;vip;gift,"Fragile, handle with care",,
01075,2026-01-09,Alfred Daniels,,thompsondonna@example.net,,99832 Collins Passage South John PA 29996,United States of America,3.0,29.99,-0.0,7.2,-0.0,89.97,EUR,paid,cancelled,Runner Shoes Pro,Pickup,backorder;wholesale,,01075,
ORD-1076,2025-12-01,"Flores, Rachel",,jasonedwards@example.org,1703901638354792,"4761 James River Apt. 101 South Shannon, MH 40555",dumbbell set 20kg,7.0,45.0,0.0,0.1,,,,chargeback,cancelled,"California, US",Pickup,,Call before delivery,,2025-12-01
ORD-1077,,Beverly Nelson,CUST-123,unknown@,92487674098664,"3188 Flores Valleys Apt. 011 North Daniel, IN 55193",Running Shoes (Pro),6.5,89.99,0.0,37.8,4.99,539.9399999999999,USD,paid,unfulfilled,"United States, CA",International,gift;wholesale;first-time,,,
1078,,John Bailey,97408,n/a,2864213087,"4199 Townsend Wall Port Michele, MP 63530",dumbbell set 20kg,8.0,45.0,0.0,0.15,4.99,360.0,,paid,unfulfilled,US,Standard,wholesale;gift,Leave at door,1078,
1079,,James Hernandez,88184,brianpatterson@example.com,2185974111,"Unit 1729 Box 2918, DPO AP 59756",Dumbbell Set 20Kg,8.0,45.0,54.0,21.6,9.99,360.0,,paid,fulfilled,U.S.A.,Standard,gift;first-time;vip,,,
01080,,Bianca Mills,CUST-557,davidneal at example.org,5623313903,"317 Gibson Pine Lopezburgh, MT 43848",Dumbbell Set 20kg,6.0,45.0,0.05,16.2,,6.0,EUR,refunded,unfulfilled,US-CA,Standard,vip;wholesale,"Fragile, handle with care",,
1081,2025-12-24,Catherine Mccoy,90806,unknown@,7582897614352,,Yoga Mat,7.0,29.99,0.1,16.79,,209.93,EUR,paid,unfulfilled,"California, US",Local Delivery,,Call before delivery,1081,
1082,2026-01-26,"Harmon, Eric",,mhuang@example.org,1325532264940772,,Dumbb3ll Set 20kg,5.0,45.0,33.75,15.75,4.99,225.0,USD,paid,fulfilled,United States of America,Pickup,vip;gift;wholesale,"Fragile, handle with care",,
#1083,2025-12-29,Brandi Hudson,CUST-429,christy21@example.com,9206010140,"63874 Wilson Turnpike Apt. 760, Larryborough, VI 16543",Running Shoes (Pro),8.0,89.99,0.1,43.2,4.99,719.92,USD,unpaid,partial,USA,Express,vip;wholesale;backorder,,,
ORD1084,2025-12-27,Nathan Gill,CUST-645,pblankenship@example.org,00175252511677735,"84626 Ashley Skyway Suite 393 Reyesbury, KY 23898",Stainless Water Bottle,1.0,-15.5,2.32,0.93,9.99,15.5,USD,paid,unfulfilled,U.S.A.,Express,backorder;gift,!!!,ORD1084,2025-12-27
#1085,2026-01-19,William Stokes,78460,glenda33@example.net,5672853053,"0367 Margaret Unions Apt. 169 North Kyle, AZ 89497",Dumbbell Set 20kg,2.5,-45.0,-4.5,5.4,4.99,90.0,,paid,fulfilled,US-CA,Local Delivery,gift;wholesale;vip,Call before delivery,,
1086,,Andrew Davis,CUST-331,jamesbrooks@example.com,18804787826368,8817 Holly Ramp Suite 823 Tammyport AS 05950,Dumbbell Set 20kg,9.0,45.0,,28.35,0.0,405.0,EUR,refunded,partial,US,Local Delivery,gift,"Fragile, handle with care",,
1087,2026-01-07,Joel Turner,54490,ronald95 at example.org,88932348861177,"0340 Michael Centers Amandastad, MO 52151",Yoga Mat,4.0,29.99,0.0,7.2,4.99,119.96,USD,paid,unfulfilled,US-CA,International,,,1087,
01088,,"Allen, Paul",82682,tyler94@example.com,,"71214 John Loaf Apt. 643, East Jessicachester, AZ 80769",Runner Shoes Pro,8.5,45.0,-0.0,-25.2,,360.0,USD,chargeback,fulfilled,U S A,Standard,gift;backorder;wholesale,!!!,,
01089,2026-05-01,Olivia Thomas,79773,danabryant@example.net,1868343051451653,"434 Allen Forest Lake Kyle, CT 23217",Running Sho3s (Pro),9.0,89.99,0.0,0.2,7.5,,US$,refunded,cancelled,"United States, CA",Local Delivery,vip,!!!,,
1090-01,,Elizabeth Gordon,CUST-287,marksmith@example.net,001506253761358529,,United States of America,8.5,29.99,-0.0,16.79,-4.99,-239.92,,paid,partial,yoga mat,Express,backorder,,1090-01,
ORD1091,2016-01-08,Patrick Ward,39698,ghicks@example.com,0017412248826949,0775 Kimberly Camp Apt. 381 Michaeltown WY 04488,DUMBBELL SET 20KG,8.0,45.0,54.0,28.8,4.99,360.0,USD,paid,cancelled,U S A,Pickup,gift;first-time,Call before delivery,,
1092,,Terry Rivera,97764,vegapatrick@example.org,,"PSC 9057, Box 4175 APO AE 43097",Runner Shoes Pro,5.5,35.0,-8.75,10.5,0.0,175.0,EUR,paid,cancelled,US-CA,Standard,wholesale;gift,"Fragile, handle with care",,
1093,2025-12-02,Stephanie White,,smithmichael@example.org,4418780580,"881 Wilcox Streets Carrieburgh, MP 15770","United States, CA",5.0,45.0,0.0,0.05,4.99,225.0,,refunded,cancelled,Dumbbell Set 20kg,Pickup,first-time;gift,!!!,1093,
1094,2025-12-22,Janet Jones,CUST-763,masonchristopher at example.com,800485264035647,"78869 Raymond Hill Martinton, AZ 88324","United States, CA",8.5,,6.2,9.92,4.99,,USD,paid,fulfilled,stainless water bottle,Pickup,first-time,,,
1095,2025-12-18,William Wilson,61908,unknown@,29750641090672,"62898 Robert Row Kathleenland, IL 61579",Protein Whey,10.0,35.0,17.5,28.0,,350.0,USD,unpaid,partial,United States,Standard,wholesale;first-time;gift,Leave at door,,
#1096,,"Ballard, Dorothy",CUST-794,ellisrhonda@example.net,0015388024595601,"50945 Johnson Ports New Carolmouth, VT 96951",YOGA MAT,5.0,29.99,7.5,0.2,-9.99,149.95,USD,refunded,unfulfilled,U.S.A.,Standard,vip;first-time,Call before delivery,#1096,
ORD1097,2025-12-02,Michelle Perkins,82336,robertsonchristina@example.org,9506584831,98078 Ramirez Hills Apt. 905 Port Jamie ID 33556,Yoga Mat,8.0,29.99,12.0,0.2,4.99,239.92,EUR,unpaid,fulfilled,"United States, CA",Pickup,,Leave at door,,
1098,,Matthew Rose Phd,CUST-151,jacobbautista at example.net,,Unit 4298 Box 3409 DPO AP 70564,stainless water bottle,7.5,15.5,0.0,0.05,7.5,7.5,USD,refunded,unfulfilled,usa,Local Delivery,first-time;wholesale;vip,"Fragile, handle with care",,
1099-01,2026-01-07,Anthony Larsen,CUST-301,pachecoamber@example.com,9073807456624,"5117 Janet Pass Amandaside, MT 38240",Whey Protein,8.5,35.0,14.0,22.4,4.99,280.0,,paid,cancelled,"United States, CA",Pickup,first-time,"Fragile, handle with care",1099-01,
1100-01,2026-01-01,,98541,danawilson@example.org,21630237313510,"066 Cabrera Crossroad Abbottland, PA 75139",U.S.A.,8.0,29.99,35.99,-14.4,9.99,239.92,,unpaid,fulfilled,Yoga Mat,Express,vip;backorder,,,2026-01-01
#1101,2025-12-09,Stacy Jones,61690,cheryl70@example.com,,"553 Regina Gateway Port Pamview, OK 07808",Stainless Water Bottle,8.0,15.5,-6.2,7.44,4.99,,USD,unpaid,unfulfilled,USA,Pickup,vip,"Fragile, handle with care",,
1102,2025-12-01,Elizabeth Andrews,20960,amber85@example.org,15949193575,"4752 Olivia Island Apt. 355, East George, AS 25710",RUNNING SHOES (PRO),6.0,89.99,80.99,37.8,0.0,6.0,,unpaid,cancelled,"California, US",Pickup,first-time;wholesale,Call before delivery,1102,
#1103,2026-01-11,Taylor Garza,CUST-962,garciadaniel@example.org,148790637152097,"7465 Andersen Rue Owensview, GU 24226",Whey Protein,4.0,35.0,7.0,9.8,7.5,140.0,US$,chargeback,fulfilled,U.S.A.,Express,vip,"Fragile, handle with care",,
ORD1104,2021-02-19,Pamela Foster,,gallegoscourtney at example.net,001967828411211561,,Stainless Water Bottle,4.0,15.5,0.1,4.34,9.99,62.0,USD,partially refunded,fulfilled,United States,International,backorder;vip;wholesale,,,2021-02-19
ORD1105,2026-09-01,Gail Marsh,CUST-686,samantha53@example.org,,"PSC 1731, Box 8861 APO AP 28367",WheyProtein,10.0,,52.5,0.05,4.99,350.0,,chargeback,fulfilled,U.S.A.,Local Delivery,wholesale;first-time;gift,,ORD1105,
#1107,,"Hanson, Dwayne",74265,rsweeney@example.net,61298126180090,"466 English Estates West Kristifurt, TX 79927",Yoga Mat,10.0,-29.99,0.0,20.99,7.5,299.9,,paid,cancelled,"California, US",Express,backorder,"Fragile, handle with care",,
ORD-1108,2025-12-12,Melanie Cook,15234,charlesmartinez@example.com,5963716431,"630 Lisa Trail Apt. 171 Jenniferchester, CA 39468",Wh3y Protein,5.0,35.0,26.25,14.0,,175.0,USD,unpaid,cancelled,US,Express,vip;first-time;wholesale,Leave at door,ORD-1108,2025-12-12
ORD-1109,2025-12-16,Anthony Fowler,14401,jacobsjanet at example.com,,"87438 Michael Via Apt. 471 Lake Leslieton, GA 53167",US-CA,5.0,45.0,33.75,13.5,9.99,,,unpaid,unfulfilled,Dumbbell Set 20kg,Standard,,,,
01110,,Bryan Davis,CUST-953,fcarson@example.net,17348027828,"62242 Jessica Green Suite 367 West Edward, IL 05163",Yoga Mat,4.5,29.99,,8.4,0.0,119.96,,paid,fulfilled,U.S.A.,Local Delivery,,,,
1111,2026-01-08,Lisa Barber,89134,lisa16 at example.net,,"01912 Jacob Keys Suite 310 Port Christopherburgh, NJ 59021",Yoga Mat,9.0,29.99,,18.89,4.99,269.91,,paid,unfulfilled,usa,International,backorder;first-time,,1111,
ORD-1112,2025-11-29,Nicholas Rodriguez,CUST-917,xshaw@example.net,,"01303 Martin Cliffs, Michaelmouth, TN 39832",Wh3y Protein,6.0,35.0,0.0,16.8,4.99,-210.0,US$,refunded,fulfilled,United States,International,,"Fragile, handle with care",,2025-11-29
ORD-1113,2026-01-21,Jeffrey Miller,22818,stephaniegood@example.org,00140243039907802,,Stainl3ss Water Bottle,3.0,,2.33,3.72,9.99,46.5,EUR,refunded,partial,U.S.A.,Local Delivery,first-time;vip;backorder,Call before delivery,,
1114,2026-01-24,"West, Kimberly",74102,adrian06@example.com,2439058392,"020 Burke Row South Cindy, PW 49679",yoga mat,8.0,29.99,12.0,,7.5,239.92,,partially refunded,unfulfilled,"United States, CA",Pickup,backorder;wholesale,"Fragile, handle with care",1114,
#1115,,Kaitlyn Jordan,71092,fhoffman@example.org,18408739044346,"784 James Haven Apt. 608 Hermanton, VA 47863",Stainless Water Bottle,7.0,15.5,0.05,8.68,4.99,108.5,USD,paid,unfulfilled,US,Standard,vip;first-time,"Fragile, handle with care",,
ORD1116,2026-01-14,Alexis Olsen,CUST-199,johnsonlaura@example.org,46121844280781,"PSC 8229, Box 9395 APO AA 81814",Yoga Mat,5.0,-29.99,0.05,0.1,0.0,149.95,,paid,fulfilled,USA,Pickup,backorder,,,2026-01-14
ORD1117,2025-12-23,Laura Douglas,CUST-204,jesussnyder@example.com,6999938200457,"33628 Downs Turnpike West Marc, FM 93099",Protein Whey,9.0,15.5,0.0,9.77,4.99,139.5,,partially refunded,fulfilled,"United States, CA",Local Delivery,,"Fragile, handle with care",ORD1117,
01118,2025-04-12,Erika Ellis,79067,lisa53@example.net,8973609635,"50566 Goodwin Grove Apt. 531 Kellychester, MO 07185",WHEY PROTEIN,2.0,35.0,3.5,5.6,7.5,70.0,USD,paid,partial,U S A,International,,"Fragile, handle with care",,
1119,2026-01-05,Bryan Jackson,40473,donald84@example.net,0014124950194,"USCGC Medina, FPO AE 52649",Yoga Mat,10.5,29.99,44.98,17.99,9.99,10.5,,chargeback,unfulfilled,"California, US",Pickup,,Call before delivery,,
Order ID,,Customer Name,Customer ID,email,Phone,Address,Product,,,,,,,CURRENCY,payment status,fulfillment status,Shipping Country,Shipping Method,order tags,Notes,Order ID,
#1121,2026-01-21,Ryan Banks,65989,wrussell at example.net,6539587490,"2420 Amanda Oval Apt. 139 South Williemouth, ND 99337",Dumbbell Set 20kg,3.0,45.0,,10.8,0.0,135.0,EUR,chargeback,partial,United States of America,Local Delivery,first-time;vip;gift,,,
1122,2026-01-22,Kyle Clements,CUST-450,bjohnson@example.org,0014596686208237,Unit 5640 Box 6446 DPO AA 02987,Running Shoes (Pro),9.0,89.99,80.99,64.79,4.99,-809.91,USD,unpaid,cancelled,US,Pickup,backorder,,,
01123,2026-10-01,Justin Park,93187,,131970526413074,Unit 7442 Box 0423 DPO AA 01147,Whey Protein,10.0,35.0,0.0,28.0,4.99,350.0,US$,chargeback,unfulfilled,"United States, CA",International,first-time;gift,"Fragile, handle with care",01123,
1124,2025-12-21,Angela Doyle,CUST-421,clarkdavid at example.net,8435705286,"PSC 5414, Box 9501, APO AA 87238",Dumbbell Set 20Kg,9.0,45.0,,28.35,0.0,405.0,USD,partially refunded,unfulfilled,United States of America,Local Delivery,,,,2025-12-21
1125,2026-11-01,"Mcbride, Christian",52353,enelson at example.net,6376470901,"318 Merritt Green Apt. 063 Port Michaeltown, IA 26444",Running Shoes (Pro),7.5,89.99,94.49,44.1,4.99,629.93,USD,refunded,unfulfilled,United States of America,International,wholesale,,,
1126,2026-01-03,Carol Robles,CUST-810,,588615913626525,Unit 5683 Box 2315 DPO AE 80114,Whey Protein,6.0,35.0,-0.0,12.6,0.0,210.0,,refunded,fulfilled,"California, US",Standard,,Call before delivery,1126,
#1127,2026-01-11,Brent Mcmahon,99621,,1904569804588460,"6430 Rachel Plaza Robertport, AZ 60486",Whey Protein,6.0,35.0,0.05,0.1,7.5,210.0,USD,partially refunded,fulfilled,USA,Express,,,,
,2025-12-15,Seth Duncan,37709,,,"17297 Jared Haven, North Kyle, DC 46406",Dumbbell Set 20kg,3.0,45.0,0.0,,9.99,135.0,US$,partially refunded,fulfilled,United States,International,backorder;vip,,,2025-12-15
ORD-1129,2025-12-12,Lance Garcia,45715,parkereric@example.org,595695262995700,"09914 Beth Knolls, Hoodport, MI 02159",Yoga Mat,5.0,29.99,0.0,10.5,7.5,149.95,USD,paid,unfulfilled,"California, US",International,vip;backorder,"Fragile, handle with care",ORD-1129,
1130-01,2026-01-25,William Novak,50808,jessica20@example.org,378635631921281,"72567 Anna Valley Lake Cassandra, NE 73547",Dumbbell Set 20kg,6.5,45.0,0.0,21.6,9.99,-270.0,USD,unpaid,partial,US,Pickup,vip,,,
#1131,2025-11-28,Andrew Schneider,,megan87@example.net,400678733450573,"603 Wood Field Kingburgh, AS 62649",Yoga Mat,3.0,29.99,4.5,6.3,9.99,89.97,US$,refunded,fulfilled,US,Standard,first-time;wholesale,!!!,,
1132-01,2025-04-12,Robert Morales,97312,evansdavid@example.net,93169990690207,"8941 Brandi Throughway Apt. 195 Erinton, LA 85720",Dumbbell Set 20kg,5.0,45.0,0.0,13.5,0.0,5.0,EUR,paid,fulfilled,U.S.A.,Local Delivery,vip,,1132-01,2025-04-12
1133-01,2026-01-08,"Hines, Kelly",CUST-352,kruegershane@example.com,0016655581030,"56549 Johnson Garden New Jeff, DC 16900",Yoga Mat,1.0,-29.99,1.5,,,29.99,US$,paid,fulfilled,USA,International,first-time;wholesale,Leave at door,,
ORD-1134,2026-01-17,Jeffery Garrett,,,,"245 Butler Lane North Jeremy, AZ 65953",Whey Protein,6.0,35.0,21.0,12.6,7.5,210.0,USD,partially refunded,partial,US,Standard,vip;gift,"Fragile, handle with care",,
,2025-12-27,Christine Yang,CUST-953,emily96@example.com,00133890007936931,"290 Moody Brook South Laura, OR 19656",Protein Whey,5.5,15.5,11.62,6.2,9.99,77.5,,paid,partial,"California, US",Express,first-time,,,
01136,2026-01-15,Richard Sandoval,CUST-281,heatherturner@example.net,,"59976 Brandt Mount Charlotteville, MS 52987",running shoes (pro),8.0,89.99,36.0,,4.99,719.92,US$,paid,fulfilled,usa,Standard,first-time;vip;gift,"Fragile, handle with care",,2026-01-15
1137-01,2025-12-16,Tyler Nash,CUST-695,pschwartz@example.com,337933346399439,"1219 Spencer Knoll South Jennabury, NH 53318",Running Shoes (Pro),6.0,89.99,-80.99,-37.8,,539.94,,paid,fulfilled,"United States, CA",International,,"Fragile, handle with care",,
1139-01,,Bethany Jones,CUST-657,,3329137391,"723 Robert Crossing Melissaville, HI 27317",Yoga Mat,5.5,29.99,7.5,12.0,4.99,149.95,EUR,chargeback,partial,"California, US",International,gift;first-time;wholesale,"Fragile, handle with care",,
ORD-1140,2025-12-24,"Hayes, Steven",21459,arnoldmary at example.net,,"173 Stevens Way, South Colleen, FM 47468",Runner Shoes Pro,9.5,45.0,20.25,32.4,9.99,9.5,USD,refunded,partial,"United States, CA",Standard,wholesale,,,2025-12-24
#1141,2021-02-19,Alexis Gomez,54857,rosebenjamin@example.com,5058694378,Unit 9248 Box 4817 DPO AE 05802,Running Sho3s (Pro),4.0,89.99,18.0,-28.8,-7.5,359.96,,paid,cancelled,United States of America,International,,Call before delivery,#1141,
1142,2025-12-15,Christopher Paul,,houstonbeverly@example.com,8978474832,USNV Hernandez FPO AA 50321,Stainless Water Bottle,9.0,15.5,0.1,11.16,9.99,-139.5,US$,paid,cancelled,US-CA,Pickup,vip;gift;wholesale,!!!,,
1143,2025-12-04,Martin Yu,80193,jessethomas@example.org,14054211814460,"92540 Johnson Port Apt. 346 Edwardsbury, OH 16425",Stainless Water Bottle,2.0,15.5,0.0,1.86,0.0,-31.0,USD,paid,unfulfilled,"California, US",Standard,,Call before delivery,,
01144,2025-12-10,Kim Alexander,CUST-595,yjones@example.com,,"8352 Selena Manors, Lake Lisa, RI 85554",US-CA,10.0,,15.5,10.85,0.0,155.0,EUR,paid,unfulfilled,Yoga Matt,International,first-time;gift;backorder,Call before delivery,01144,2025-12-10
1145,2026-01-23,David Wells,46188,steven30 at example.net,,"65170 Brown Falls, East Christopherland, WV 33407",Stainless Water Bottle,9.0,15.5,6.98,9.77,7.5,,EUR,refunded,partial,"United States, CA",Pickup,gift,"Fragile, handle with care",,
01146,2026-01-09,Sarah Smith,47973,scott17@example.net,947372958100769,"36844 Ashley Club Suite 994 Morganmouth, MD 57851",Yoga Mat,7.0,29.99,10.5,12.6,9.99,209.93,,paid,cancelled,"United States, CA",International,,,,
1147,2026-01-11,"Edwards, William",CUST-267,sylvia66@example.org,5876739787,"10171 David Locks Suite 359 Millerstad, AL 43213",Protein Whey,10.0,29.99,44.98,17.99,0.0,299.9,USD,chargeback,cancelled,U.S.A.,Local Delivery,first-time,Call before delivery,1147,
01148,2025-12-18,Amber Pearson,63452,,45033093709471,,StainlessWaterBottle,7.0,15.5,0.0,7.6,0.0,108.5,,refunded,fulfilled,"United States, CA",International,gift;first-time,,,2025-12-18
ORD1149,2025-12-20,Kevin Miles,83172,mooneyjerry@example.net,,,Yoga Mat,8.5,,-12.0,19.19,9.99,239.92,EUR,chargeback,fulfilled,U S A,Express,,,,
ORD1150,2026-01-22,Sean Thomas,CUST-740,deborah81@example.org,561551479260779,3823 Simon Coves Jimfurt NC 11172,Yoga Mat,8.5,29.99,23.99,0.05,4.99,239.92,,chargeback,fulfilled,US-CA,Pickup,,,ORD1150,
ORD-1151,2026-01-20,Dennis Nelson,CUST-473,keverett@example.org,,129 Lindsey Points Apt. 352 Amandamouth TX 91180,Runner Shoes Pro,6.0,35.0,10.5,12.6,0.0,210.0,,chargeback,fulfilled,US-CA,Express,vip;gift;first-time,Leave at door,,
01152,2025-04-12,Mackenzie Johnson,CUST-655,jacobsoto at example.org,7856715500865,"6948 Mata Brooks Suite 569 New Kelseyfort, ID 10773",Yoga Mat,10.0,29.99,29.99,23.99,7.5,,,paid,fulfilled,U.S.A.,Pickup,wholesale;first-time;vip,"Fragile, handle with care",,2025-04-12
1153-01,2025-11-12,"Miller, John",CUST-632,crystalsmith@example.org,123393032311236,"72490 Smith Estates Suite 089 Lake Ernest, AZ 87137",running shoes (pro),3.0,89.99,0.05,0.1,0.0,-269.97,EUR,paid,fulfilled,US-CA,Standard,,Call before delivery,1153-01,
ORD-1154,2026-01-18,Mark Ramirez,85121,romanashlee@example.net,7432587435,"7320 Fields Springs Apt. 283 Kimberlyview, NE 15873",Whey Protein,5.0,35.0,0.15,12.25,7.5,175.0,EUR,paid,fulfilled,United States,International,,Leave at door,,
1156,2025-12-25,Angela Marshall,33438,matthewsellers@example.net,7254486494,"46553 Mikayla Pine North Michael, VA 12886",Stainless Water Bottle,8.0,-15.5,0.0,-9.92,9.99,124.0,USD,unpaid,partial,"California, US",International,wholesale,Leave at door,1156,2025-12-25
ORD1157,2025-12-14,Ashley Parker,,megan22@example.com,001662521864527212,"1867 Kramer Mountains Suite 437, Mariestad, MN 24481",StainlessWaterBottle,6.0,15.5,0.15,6.51,9.99,6.0,USD,chargeback,fulfilled,United States,Local Delivery,backorder;vip,,,
#1158,,Henry Middleton,CUST-982,ejimenez@example.com,174359584826510,"066 Dwayne Rapid, West Lindaland, SD 74556",Protein Whey,8.0,35.0,28.0,19.6,0.0,280.0,,chargeback,cancelled,US-CA,Standard,,,,
ORD-1159,2025-12-26,David Smith,CUST-698,kimberly14@example.org,00122640625428323,"37444 Todd Center Apt. 368, South Jasmineside, MO 33430",RUNNING SHOES (PRO),10.0,89.99,,71.99,4.99,899.9,US$,paid,cancelled,"California, US",Standard,gift;wholesale,,ORD-1159,
#1160,2025-12-11,Carolyn Anderson Md,CUST-340,gardnermichael@example.net,9012602557,"9807 Brian Garden South Adamfort, KS 90493",Dumbbell Set 20kg,7.0,45.0,15.75,22.05,4.99,315.0,USD,paid,fulfilled,"United States, CA",International,vip;first-time;gift,,,2025-12-11
01161,,Gregory Cox,CUST-606,robertfrazier@example.net,001209392063374493,,Whey Protein,6.0,35.0,0.0,0.2,0.0,210.0,US$,unpaid,fulfilled,US-CA,Express,first-time;vip;gift,Leave at door,,
1162,2026-02-01,Andrea Palmer,50209,kleinscott@example.net,001768396149874010,"75351 Tran Run Lake Briannamouth, PW 82535",USA,10.0,89.99,134.98,53.99,4.99,899.9,US$,refunded,partial,Running Shoes (Pro),Pickup,backorder;wholesale,!!!,1162,
#1163,2025-12-21,Emily Thomas,33714,youngpaul@example.com,148384327921283,"6685 Dalton Way West Eric, LA 70675",Stainless Water Bottle,7.0,15.5,16.27,6.51,4.99,108.5,EUR,partially refunded,partial,United States of America,Express,vip,,,
1164-01,2026-01-06,Howard Gonzalez,,lisa68@example.net,58122997264832,"221 Hall Mill, Davidville, WV 50886",WHEY PROTEIN,6.0,-35.0,31.5,14.7,4.99,210.0,EUR,partially refunded,fulfilled,U S A,Local Delivery,backorder,Call before delivery,,2026-01-06
01165,2025-11-29,Julie Allen,40670,walterday@example.net,1994698330070554,"4108 Vazquez Mill Apt. 906 Matthewmouth, MA 51761",Running Shoes (Pro),1.0,89.99,0.05,7.2,9.99,89.99,,partially refunded,unfulfilled,USA,Express,first-time;wholesale,,01165,
ORD-1166,2025-12-05,Crystal Mack,CUST-595,user at mail.com,7115558911,"10620 Austin Camp, Johnchester, MS 06327",Yoga Mat,1.0,29.99,1.5,2.4,4.99,29.99,US$,paid,partial,U.S.A.,International,backorder;wholesale;first-time,"Fragile, handle with care",,
1167,2026-01-18,Colleen Vargas,75724,user at mail.com,,"5670 Anita Parks Apt. 135 Amandafort, PA 81807",Running Shoes (Pro),5.0,,45.0,27.0,,5.0,,chargeback,unfulfilled,"United States, CA",Standard,,Call before delivery,,
ORD1168,2025-12-26,Jason Miller,,nfrank@example.net,3476116279,"41116 Diaz Spring Suite 389, East Isaac, DC 17401",Running Shoes (Pro),3.0,89.99,13.5,-18.9,0.0,,EUR,refunded,unfulfilled,U S A,Pickup,wholesale,Call before delivery,ORD1168,2025-12-26
1169,2025-12-17,"Brown, Edward",CUST-905,martineznancy@example.org,541955673815775,"28911 Destiny Hills North Joyce, MH 46158",Whey Protein,9.0,35.0,0.15,25.2,,315.0,,chargeback,fulfilled,United States,Pickup,,!!!,,
ORD1170,2025-12-20,Kevin Kennedy,61164,hernandezrobert@example.net,18558224203281,,Dumbbell Set 20kg,9.0,45.0,60.75,24.3,9.99,405.0,USD,paid,fulfilled,US-CA,Local Delivery,wholesale;vip;gift,,,
1171,2026-01-11,Kevin Klein,CUST-855,arnoldpaul@example.net,00134238427924565,"4976 Castillo Corners West Eileen, MA 51506",Dumbbell Set 20kg,7.0,45.0,47.25,,0.0,315.0,,refunded,unfulfilled,US-CA,International,backorder,,1171,
1172,,Elizabeth Mckee,83736,meagan00@example.net,516450659700245,"4584 Kennedy Forges Gainesfort, NJ 05536",STAINLESS WATER BOTTLE,8.0,15.5,,9.92,0.0,124.0,US$,paid,fulfilled,"United States, CA",International,backorder,,,
1173,2025-11-30,Tammy Peterson,,unknown@,16677947149169,"634 Curtis Falls Apt. 448, New Gabrieltown, HI 22598",Yoga Mat,4.5,29.99,0.1,8.4,7.5,-119.96,USD,refunded,cancelled,"California, US",Local Delivery,,,,
01174,2025-12-10,Elaine Schmidt,CUST-897,pricestephen@example.com,135427257279496,"448 Grant Plains Curtisburgh, UT 67015",Yoga Mat,3.0,29.99,0.1,5.4,,89.97,USD,paid,cancelled,"United States, CA",Pickup,,,01174,
ORD1175,2025-12-15,"Garcia, Tina",CUST-607,vdonaldson@example.com,519317043159140,7241 Douglas Bridge Escobarshire SC 66840,dumbbell set 20kg,1.0,45.0,4.5,2.7,-9.99,45.0,EUR,partially refunded,partial,"United States, CA",International,vip;gift,,,
ORD1176,2026-01-11,Tammy Burgess,CUST-251,,00174777658009795,"298 Brittany River Apt. 084 Millerton, AK 31599",Whey Protein,2.0,35.0,3.5,5.6,7.5,70.0,,paid,fulfilled,"United States, CA",International,backorder;wholesale;first-time,,,2026-01-11
01177,2025-12-18,Nicolas Griffin,,,6039388609,"796 Laura Walk, Harperberg, MT 08629",Dumbbell Set 20kg,1.0,45.0,2.25,,,45.0,EUR,paid,unfulfilled,USA,Pickup,,,01177,
1178-01,2025-12-09,Tracy Ford,39026,ejohnson@example.com,4879787307,"3847 York Burg East Brandonville, PW 42245",Yoga Mat,5.5,29.99,22.49,10.5,7.5,149.95,USD,unpaid,partial,US,Standard,wholesale;vip;gift,,,
1179-01,2026-06-01,Rebecca Clarke,CUST-439,ruizbryan@example.com,8817411846,856 Shaw Glens Apt. 118 Morrisberg ND 30235,running shoes (pro),3.0,89.99,0.0,,9.99,3.0,USD,paid,fulfilled,US-CA,International,gift;wholesale;first-time,Leave at door,,
1180,2026-01-16,"Henderson, Patricia",CUST-259,patriciamarsh@example.net,93879771381076,55532 Pamela Expressway Lake Stephanie OK 94692,RUNNING SHOES (PRO),6.0,-89.99,27.0,43.2,4.99,539.9399999999999,USD,paid,unfulfilled,US-CA,Express,vip,"Fragile, handle with care",1180,2026-01-16
ORD1181,2025-12-03,Michael Fields,19171,mcdanielmichael@example.org,2946976234,"035 Chloe Square Apt. 038 North Tyronechester, KS 90173",yoga mat,9.0,-29.99,-0.0,16.19,4.99,269.91,,paid,unfulfilled,U S A,Local Delivery,first-time;wholesale;backorder,"Fragile, handle with care",,
1182-01,2025-12-20,Jennifer Rhodes,CUST-233,doughertymadison at example.com,2836194062474,"989 Nunez Throughway Apt. 068, Padillaland, MD 88678",Dumbbell Set 20kg,2.0,45.0,4.5,6.3,0.0,-90.0,US$,chargeback,fulfilled,USA,Pickup,,Leave at door,,
1183,2026-01-13,"Adams, Juan",19789,nguerra@example.net,3232267485,"10751 Jake Ridge New Victoriashire, MS 56271",DUMBBELL SET 20KG,8.0,-45.0,0.0,25.2,7.5,360.0,USD,paid,cancelled,U S A,Local Delivery,wholesale;vip;backorder,,1183,
#1184,2025-12-26,Ryan Hall,15144,ynguyen@example.com,,"2469 Jose Island Ramoshaven, ME 73195",Stainless Water Bottle,1.5,-15.5,0.05,0.2,9.99,15.5,,paid,fulfilled,United States,Standard,,,,2025-12-26
ORD1185,2027-01-01,Charles Johnson,CUST-350,anthony84 at example.org,8262595307331,"02840 Charles Avenue Apt. 162 Lake Aprilborough, IL 18666",Stainless Water Bottle,4.0,15.5,0.15,3.72,4.99,62.0,USD,paid,fulfilled,US,International,vip;gift;backorder,!!!,,
,2026-01-26,"Singleton, Tony",27886,nancymedina@example.net,85785759300937,"031 Teresa Meadows Suite 806 South Christopher, DC 19245",RunningShoes(Pro),9.0,89.99,40.5,48.59,7.5,809.91,,unpaid,unfulfilled,U S A,Standard,wholesale;first-time,,,
1187,2026-01-07,Andrea Drake,,taylorrobert@example.net,1857265335654480,"62754 Reed Spring Apt. 684, East Alicia, OR 53304",Bottle Steel,6.0,-35.0,0.0,,4.99,210.0,,chargeback,cancelled,US-CA,Standard,gift,"Fragile, handle with care",,
01188,2026-01-01,"Smith, Daniel",CUST-650,jennifervillanueva@example.com,7268537010,"08629 Michael Mission, North Phyllistown, DC 41025",dumbbell set 20kg,8.0,45.0,0.0,0.2,4.99,8.0,,partially refunded,partial,"United States, CA",International,gift;first-time,Call before delivery,,2026-01-01
1189,2026-01-03,Teresa May,81975,usmith@example.org,12573505314596,9462 Douglas Viaduct West Christopherland MT 34553,Yoga Mat,4.5,29.99,6.0,9.6,9.99,119.96,,chargeback,fulfilled,US,Pickup,wholesale;first-time;vip,"Fragile, handle with care",1189,
1190,2025-05-12,Kristin Hodge,51328,hardymichelle@example.net,00135222261950009,"30976 Gina Drive, Lake Samuel, NJ 39618",Whey Protein,1.0,35.0,3.5,2.1,0.0,35.0,,paid,unfulfilled,U S A,Local Delivery,backorder,"Fragile, handle with care",,
1191,2025-11-28,Jessica Sanchez,CUST-710,acostacatherine@example.net,4817643497851,"3039 Michael Groves Suite 142 Garciabury, TN 88075",Whey Protein,2.0,35.0,10.5,5.6,0.0,70.0,USD,partially refunded,cancelled,"California, US",Express,,"Fragile, handle with care",,
01192,2025-12-26,"Simon, Cody",CUST-416,,001368964293946862,"9070 Sean Brooks Trevinoside, DE 88288",Dumbb3ll Set 20kg,1.0,45.0,4.5,3.6,0.0,45.0,USD,paid,fulfilled,"United States, CA",Pickup,vip,!!!,01192,2025-12-26
01193,2026-01-04,Derrick Lee,CUST-836,oarmstrong@example.net,0012864888395415,"993 Benjamin Village Mooreville, VA 24249",Dumbb3ll Set 20kg,8.5,45.0,0.0,21.6,4.99,360.0,US$,paid,fulfilled,US-CA,International,wholesale,,,
#1194,2026-01-11,Bill Young,59693,awilliams at example.com,5797071996,"3028 Tina Motorway, Hernandezton, MO 97158",Running Shoes (Pro),3.0,89.99,40.5,21.6,4.99,269.97,EUR,partially refunded,fulfilled,US,Standard,vip,!!!,,
ORD1195,2025-12-23,Timothy Martin,,rjames@example.net,75847601903578,USNV Fuentes FPO AP 55349,Yoga Mat,8.0,29.99,12.0,14.4,,239.92,US$,unpaid,unfulfilled,United States of America,Pickup,,,ORD1195,
ORD1196,2025-12-28,Dana Burns,72090,chenlindsey@example.net,173264073920425,PSC 2378 Box 4235 APO AP 13353,YogaMat,1.0,29.99,0.0,2.1,7.5,29.99,,paid,partial,US,Pickup,,"Fragile, handle with care",,2025-12-28
01197,2026-01-04,"Dvm, Victoria Diaz",87828,andersonsteve@example.com,8862579102,"982 Wells Lodge Apt. 395 West Brittany, NM 07995",StainlessWaterBottle,7.0,,16.27,,7.5,108.5,EUR,paid,partial,U S A,Local Delivery,vip;wholesale,!!!,,
#1198,2026-01-10,Christopher Stone,,user at mail.com,8747107786,"7029 Holloway Haven Suite 802 East Jasonview, MH 26445",Stainless Water Bottle,6.0,15.5,,6.51,0.0,93.0,USD,partially refunded,unfulfilled,United States of America,Local Delivery,,Leave at door,#1198,
1199-01,2021-02-01,Vernon Lopez,57310,rmontoya@example.org,414582315870014,"7055 Vargas Rapid Smithview, PR 64897",Yoga Mat,8.5,29.99,23.99,0.2,9.99,239.92,,unpaid,partial,"California, US",Standard,gift;vip;wholesale,Call before delivery,,
1200,,Reginald Bowen,CUST-209,donald22@example.org,541679472175033,,Yoga Mat,5.0,29.99,14.99,9.0,4.99,149.95,US$,partially refunded,partial,usa,Local Delivery,backorder;gift,"Fragile, handle with care",,
01201,2026-02-01,"Lara, Jennifer",19072,,4724546340,"16532 Linda Underpass Apt. 640, Karentown, IL 22551",Whey Protein,5.5,35.0,8.75,10.5,,175.0,EUR,paid,partial,usa,Standard,,Call before delivery,01201,
01202,2025-12-12,Kevin Tate,,meghan07@example.net,00132383119878753,"8353 Wright Ports Port Dustinton, CA 14131",Whey Protein,1.0,,5.25,2.8,4.99,35.0,,partially refunded,fulfilled,USA,Express,vip,"Fragile, handle with care",,
#1203,2026-12-01,Jeanette Marshall,64763,bstephens@example.org,977620506121003,"973 Tanya Landing, West Tiffany, MT 99452",Yoga Mat,1.5,29.99,1.5,2.4,0.0,29.99,EUR,paid,fulfilled,U S A,Standard,first-time;gift;vip,!!!,,
ORD1204,,Jason Coleman,CUST-609,melissa86@example.com,,"2325 Alyssa Hollow Port Antonio, NJ 31130",Dumbbell Set 20kg,3.0,45.0,6.75,8.1,,135.0,USD,paid,fulfilled,"California, US",Local Delivery,,"Fragile, handle with care",ORD1204,
01205,2025-12-26,Rachel Brown,31929,kellyjoseph@example.org,,"7750 Briana Estates Apt. 546, New Pedrofurt, TN 54267",Stainless Water Bottle,1.0,15.5,0.78,0.15,,15.5,,chargeback,cancelled,United States,Local Delivery,backorder,Call before delivery,,
ORD1206,2025-12-27,,20482,xwilliams@example.net,3756805077,,Yoga Mat,4.0,29.99,0.0,8.4,0.0,119.96,EUR,chargeback,unfulfilled,USA,Standard,first-time,"Fragile, handle with care",,
1207-01,2025-12-08,Shelly Kelly,CUST-180,pattondeborah@example.net,42976053281380,"USNV Camacho, FPO AE 57678",YogaMat,8.0,29.99,23.99,0.2,9.99,239.92,US$,chargeback,fulfilled,US-CA,Express,gift;vip;backorder,,1207-01,
1208,2025-12-14,Jennifer Fox,81843,ujacobson@example.org,9588189427,29720 Hernandez Groves New Logan MA 54522,Running Shoes (Pro),2.0,,0.0,12.6,9.99,179.98,,chargeback,partial,United States,International,backorder;gift,Call before delivery,,2025-12-14
ORD1209,,Kristine Brown,CUST-505,ojames@example.org,1422399923611234,"34652 Lee Tunnel Suite 222 South Isaacburgh, MD 85495",Dumbbell Set 20Kg,6.0,45.0,-0.0,0.1,4.99,270.0,USD,unpaid,fulfilled,USA,Local Delivery,,!!!,,
01210,2026-01-14,Robert Mcintyre,CUST-215,unknown@,16598905364,"21743 Davis Roads, Martinezfurt, NV 66706",Dumbbell Set 20kg,7.0,,31.5,18.9,9.99,7.0,EUR,unpaid,fulfilled,US,Local Delivery,wholesale;first-time;vip,,01210,
1211,2026-01-23,Paula Martin,35067,,4114922088,"20573 Boyd Harbors West Johnfurt, MN 87626",Whey Protein,2.0,35.0,7.0,4.9,4.99,70.0,US$,paid,cancelled,United States of America,Express,first-time,Leave at door,,
01212,2025-12-27,Brian Butler,CUST-851,michael52@example.com,5526818248,,Yoga Mat,9.5,29.99,0.0,16.19,7.5,269.91,,chargeback,cancelled,"California, US",Standard,,!!!,,2025-12-27
#1213,2025-12-24,Tina Evans,57988,robertdaniels@example.org,0013412554183,"169 Stewart Ridges Serranoshire, NY 73935",Running Shoes (Pro),4.0,89.99,0.15,,9.99,359.96,USD,paid,cancelled,United States of America,Standard,backorder;vip,Call before delivery,#1213,
#1214,2026-01-10,James Williams,CUST-282,mooreadam@example.org,3582615960,,Yoga Mat,3.5,29.99,13.5,6.3,,89.97,USD,paid,fulfilled,US,Standard,gift;backorder,"Fragile, handle with care",,
#1215,2026-01-11,Daniel Price,89495,mikayla64@example.com,4212043198012,"039 Browning Road Port Paula, NV 72471",U S A,2.0,45.0,9.0,6.3,,90.0,EUR,chargeback,fulfilled,dumbbell set 20kg,Express,,Leave at door,,
1216,,Michelle Fleming,CUST-616,,822368619349686,"88130 Howell Wall South Devin, MD 62063",Yoga Mat,7.5,29.99,20.99,,-9.99,209.93,,paid,fulfilled,usa,Standard,backorder;first-time,,1216,
1217,2025-12-18,Michael Lawson,92060,martinezrussell@example.org,7839075200,,Stainless Water Bottle,5.0,15.5,11.62,6.2,0.0,-77.5,USD,partially refunded,cancelled,US-CA,International,,,,
1218,2026-01-26,Jacob Castaneda,CUST-340,kimberlymartin@example.com,,59573 Wells Divide Smithmouth MT 45873,Yoga Mat,7.0,29.99,20.99,16.79,4.99,209.93,USD,paid,unfulfilled,U.S.A.,Express,backorder;vip,,,
ORD1219,2026-01-11,"Diaz, Shannon",65888,qgomez at example.com,,"4812 Michael Run Apt. 852 Lake Anthony, AL 08049",Whey Protein,9.0,35.0,-47.25,18.9,0.0,315.0,,paid,fulfilled,"California, US",Express,gift;backorder;vip,,ORD1219,
1221,2026-01-16,Justin Curtis,73422,jennifer77@example.org,16067042653,"PSC 8774, Box 0158 APO AE 97910",Stainless Water Bottle,1.0,15.5,0.0,0.1,0.0,15.5,,paid,partial,USA,Standard,backorder;wholesale;gift,Call before delivery,,
ORD-1222,,Brittany Carter,74926,dbridges@example.org,8753394466,"47309 Jill Junction West Alexander, GU 95038",Running Shoes (Pro),6.0,89.99,53.99,37.8,9.99,539.9399999999999,USD,paid,fulfilled,USA,Express,vip,Leave at door,ORD-1222,
1223,2025-11-30,"Mills, David",62547,jasonatkins@example.com,,"474 Alison Vista Apt. 657 Lake Nathan, VI 14655",Running Shoes (Pro),5.0,89.99,0.0,27.0,9.99,449.95,,paid,fulfilled,U.S.A.,Pickup,gift;first-time;backorder,"Fragile, handle with care",,
1224-01,2025-12-21,Cynthia Johnson,,murphyashley@example.org,5702375590249,"314 Tina Parkway Ruizville, FL 77534",Running Shoes (Pro),3.5,89.99,40.5,16.2,9.99,269.97,USD,partially refunded,fulfilled,"California, US",Pickup,first-time;wholesale,Leave at door,,2025-12-21
1225,,Russell Lloyd,CUST-321,rmack@example.org,4533984412,"1471 William Locks Suite 068 Stevestad, WI 22632",DUMBBELL SET 20KG,10.0,45.0,67.5,,4.99,450.0,EUR,chargeback,fulfilled,"United States, CA",Standard,,Call before delivery,1225,
1226-01,2025-12-17,"Matthews, Jesse",CUST-286,,183248944373184,"352 Powell Fords Kimberlyfort, PR 82886",Stainless Water Bottle,7.5,-15.5,0.0,6.51,0.0,108.5,EUR,refunded,cancelled,"United States, CA",International,gift;vip,,,
ORD1227,,Lisa Moreno,-,bruce43 at example.org,4096810086725,"511 Kenneth Heights, South Traci, NC 28603",Wh3y Protein,4.0,35.0,14.0,9.8,,140.0,USD,partially refunded,unfulfilled,USA,Local Delivery,backorder;first-time;gift,Leave at door,,
ORD1228,,Leah Young,34974,thomaskathleen@example.com,9102587704085,"720 Zimmerman Fords Suite 599 Brownshire, OK 82762",Dumbbell Set 20kg,5.0,45.0,33.75,13.5,7.5,225.0,,unpaid,partial,USA,Standard,vip;wholesale,Leave at door,ORD1228,
ORD1229,2025-12-11,Jerry Fernandez,19756,,22872595612755,"693 Hernandez Dale, West Veronica, MH 78399",Stainless Water Bottle,6.0,15.5,9.3,5.58,7.5,93.0,EUR,partially refunded,partial,U.S.A.,Express,first-time;wholesale;backorder,Leave at door,,
1230,2025-12-20,Courtney Owens,84698,iwiley@example.org,76352776549776,"2484 Bird Orchard Lopezport, UT 29792",YogaMat,5.0,-29.99,22.49,0.15,7.5,149.95,USD,refunded,fulfilled,United States of America,Pickup,backorder,,,
1231,2025-12-31,Robert Chavez,CUST-195,danielle68@example.net,8825764420,"704 Wilson Camp Bryanview, MO 21481",YogaMat,4.0,29.99,6.0,8.4,,4.0,USD,paid,cancelled,US-CA,Local Delivery,vip,"Fragile, handle with care",1231,
01232,2026-01-03,Wayne Jones,CUST-846,unknown@,,"848 Steven Shoal West James, AS 35837",Whey Protein,1.0,35.0,3.5,2.45,,35.0,USD,unpaid,unfulfilled,U.S.A.,Standard,first-time,"Fragile, handle with care",,2026-01-03
01233,2025-12-01,Andre Jones,CUST-120,ibrown@example.org,0017158336118,,running shoes (pro),10.0,89.99,0.0,71.99,4.99,899.9,USD,paid,cancelled,US,Standard,,!!!,,
ORD-1234,2025-12-06,Mike Scott,CUST-886,,8643674242688,,YogaMat,2.0,29.99,6.0,4.8,,59.98,EUR,paid,cancelled,United States of America,Standard,vip,!!!,ORD-1234,
1235,2025-12-06,Bailey Esparza,64822,james16@example.net,9426632350175,,dumbbell set 20kg,10.0,45.0,45.0,27.0,,450.0,,chargeback,cancelled,United States of America,Pickup,backorder;wholesale,,,
ORD1236,2026-01-02,Alexandra Calderon,,unknown@,54144596922023,"0259 Sandoval Viaduct Alexandrastad, MH 29856",Running Shoes (Pro),8.0,89.99,36.0,50.39,9.99,719.92,EUR,chargeback,partial,United States of America,International,backorder;wholesale,,,2026-01-02
01237,2026-02-01,Daniel Nelson,36936,nathan06@example.org,2503965622,"524 Lee Row, Sparksfurt, VT 57696",Dumbbell Set 20kg,10.0,45.0,45.0,0.15,0.0,-450.0,,refunded,fulfilled,US,International,vip;wholesale;gift,,01237,
01238,2025-12-01,Julie Barnes,CUST-148,lisa18@example.org,,"27910 Serrano Meadows East Douglasburgh, NM 19588",DUMBBELL SET 20KG,10.0,45.0,45.0,31.5,9.99,450.0,,refunded,cancelled,United States,Standard,first-time;vip;backorder,"Fragile, handle with care",,
1239,2026-01-11,"Md, Brian Taylor",63627,ruizdiane@example.net,3073708916,,Stainless Water Bottle,4.0,15.5,-6.2,4.34,4.99,62.0,,unpaid,unfulfilled,USA,Pickup,backorder;gift,,,
1240,2025-12-15,"Reynolds, Darlene",CUST-246,anthonyashley@example.org,8905360673911,"201 Jared Walk Suite 264 Christopherstad, OH 71045",Stainless Water Bottle,7.0,15.5,0.15,-8.68,,108.5,,paid,cancelled,US-CA,Local Delivery,backorder,!!!,1240,2025-12-15
1241,2026-01-04,Stephanie Young,24030,thomasjohn@example.com,4852346191836,"3966 Jo Turnpike Josefurt, DE 14827",Stainless Water Bottle,7.0,15.5,0.0,6.51,9.99,108.5,EUR,paid,fulfilled,usa,Pickup,first-time,,,
01242,2026-01-18,,,kellyhenderson@example.com,6637000057801,,Stainless Water Bottle,1.0,15.5,0.78,0.93,4.99,15.5,,chargeback,partial,USA,Local Delivery,first-time;backorder;wholesale,!!!,,
ORD1243,2026-01-09,Melissa Alexander,63250,,143424538970561,"064 Amanda Stream Suite 977 Lake Timothy, WV 69534",Yoga Mat,9.0,29.99,-40.49,21.59,7.5,,,chargeback,fulfilled,usa,Standard,,Leave at door,ORD1243,
1244-01,2025-06-12,Christopher Vasquez,CUST-582,hguzman@example.net,467478625318052,"8147 Figueroa Stravenue, North Stephanieton, NY 78523",Yoga Mat,4.0,-29.99,0.0,0.1,0.0,-119.96,,paid,fulfilled,US,Express,first-time;backorder;vip,Call before delivery,,2025-06-12
01245,2026-01-12,Jacob Powell,99449,loganscott@example.org,3702549700,,Yoga Mat,10.0,-29.99,44.98,20.99,0.0,299.9,US$,paid,fulfilled,USA,Pickup,backorder;gift;first-time,"Fragile, handle with care",,
1246,2025-07-12,Matthew Burns,50964,,,"247 Wolfe Throughway Suite 412 Port Stephanie, MN 07536",WHEY PROTEIN,10.0,35.0,52.5,24.5,7.5,350.0,USD,paid,unfulfilled,"California, US",Local Delivery,,Call before delivery,1246,
1247-01,2025-11-28,Kristina Harris,55543,owhite@example.org,88384032507200,"80297 Nichole Streets North Ashley, OK 57512",YogaMat,3.0,29.99,0.1,5.4,,89.97,USD,partially refunded,fulfilled,usa,Standard,gift;first-time,,,
1248,2026-01-03,Nicholas Williams,CUST-965,jasonolson at example.com,353944805759376,"9017 Rebecca Port Apt. 069 Padillaside, RI 91421",Yoga Mat,5.0,29.99,0.0,9.0,,5.0,USD,paid,fulfilled,U S A,Local Delivery,first-time,Call before delivery,,2026-01-03
1249-01,2025-12-13,Jessica Morris,35988,nicholssarah@example.net,616655742408880,5637 Jones Orchard Lewisfort IL 55263,Running Shoes (Pro),5.0,89.99,0.0,-27.0,4.99,449.95,USD,paid,cancelled,"California, US",Express,,"Fragile, handle with care",1249-01,
ORD1250,2026-01-17,Jennifer Gordon,93033,,4572520217329,,Whey Protein,8.0,35.0,28.0,,7.5,280.0,US$,paid,unfulfilled,United States,Local Delivery,gift;backorder,Call before delivery,,
ORD-1251,,Joseph Edwards,CUST-832,dperez@example.org,7359861926,594 Alvarez Mews Martineztown TN 86091,running shoes (pro),10.5,89.99,45.0,-71.99,9.99,899.9,,chargeback,unfulfilled,US-CA,Local Delivery,wholesale;backorder;gift,!!!,,
1252,2025-12-09,Bryan Ramirez,21259,michellewarner@example.org,94757457429613,"Unit 3097 Box 2759, DPO AA 65383",RUNNING SHOES (PRO),8.0,89.99,0.0,50.39,,-719.92,EUR,chargeback,partial,U S A,Local Delivery,backorder;gift,Leave at door,1252,2025-12-09
NULL,,Michael Rojas,CUST-467,sierrabishop@example.org,14347804473183,"2894 Leblanc Vista Port Stacy, MP 27530",Yoga Mat,8.0,29.99,23.99,14.4,9.99,239.92,EUR,partially refunded,partial,"United States, CA",Standard,first-time;vip,"Fragile, handle with care",,
#1254,2025-12-25,Troy Scott,62358,raymond99@example.org,80436264577032,"9731 Casey Alley Leonton, CA 41861",Running Shoes (Pro),10.0,89.99,,53.99,7.5,899.9,USD,chargeback,unfulfilled,"California, US",International,backorder;vip,,,
ORD-1255,2026-01-01,Dana Butler,83235,lindalawrence at example.net,,"234 Rogers Meadows East Richardville, AL 85215",Dumbbell Set 20kg,3.0,45.0,13.5,10.8,4.99,135.0,,chargeback,fulfilled,U S A,International,backorder;wholesale,Call before delivery,ORD-1255,
1256-01,,"Woodward, Lance",CUST-738,davidschaefer@example.org,327290101198452,"81369 Christopher Groves, Hollowaystad, HI 48700",WheyProtein,9.0,35.0,47.25,22.05,,315.0,EUR,paid,unfulfilled,"California, US",International,wholesale,"Fragile, handle with care",,
1257-01,2025-12-30,Evan Kelly,,rodriguezdarius at example.org,76938505091940,"94780 Dyer Fall Suite 424 Velazquezburgh, NC 79816",Yoga Mat,9.5,29.99,0.0,16.19,7.5,269.91,,unpaid,fulfilled,"California, US",International,backorder;first-time;wholesale,!!!,,
ORD-1258,2026-01-11,Mr. Jeremy Hernandez,CUST-330,gilmoredarrell@example.org,4864407855,"769 Aaron Garden South Kelsey, GA 67561",Yoga Mat,7.5,29.99,0.0,12.6,,209.93,USD,chargeback,fulfilled,United States of America,Standard,vip;wholesale,Call before delivery,ORD-1258,
01259,2026-01-14,Rebecca Li,50849,bryantrhonda at example.net,335259140116730,"6324 Rojas Junctions Suite 809 West Tony, MP 51780",Whey Protein,9.0,35.0,31.5,18.9,7.5,315.0,,unpaid,fulfilled,U S A,Local Delivery,wholesale,Call before delivery,,
01260,2025-12-11,Sarah Wilson,CUST-208,,5166759872312,"3461 Owens Extension Michelleburgh, IN 41033",DUMBBELL SET 20KG,1.0,45.0,4.5,,,45.0,US$,paid,fulfilled,US-CA,Standard,gift;first-time,Call before delivery,,2025-12-11
1262,2025-12-17,Charles Escobar,CUST-383,fowlerlaurie at example.org,00182320457014846,"USCGC Bowman, FPO AE 79768",DumbbellSet20kg,3.0,45.0,0.15,9.45,9.99,3.0,USD,partially refunded,cancelled,U S A,International,backorder;wholesale;first-time,,,
1263,2025-12-20,Amanda Kelley,89943,,null,"54357 Tran Village North Taylorview, AR 12264",Whey Protein,7.0,35.0,0.0,-19.6,0.0,245.0,EUR,paid,unfulfilled,United States of America,International,,,,
1264,,Randall Robinson,CUST-369,,9615037931,,Whey Protein,6.0,-35.0,10.5,12.6,0.0,210.0,USD,paid,fulfilled,"United States, CA",International,backorder,"Fragile, handle with care",1264,
01265,2026-01-21,Jason Thomas,CUST-746,user at mail.com,278709426990129,"8972 Paul Garden West Leahville, PW 54028",Stainless Water Bottle,4.0,15.5,9.3,4.96,-4.99,62.0,,unpaid,unfulfilled,usa,Express,backorder;vip,Call before delivery,,
1266-01,2026-01-07,Matthew Walker,31247,nichole35@example.net,9154482129,"250 Anderson Street Suite 828 New Isaiahmouth, ND 48069",Running Shoes (Pro),9.0,89.99,80.99,48.59,4.99,809.91,,partially refunded,fulfilled,U.S.A.,International,first-time;wholesale;gift,,,
1267,2026-04-01,Lisa Gutierrez,70825,stevesmith@example.com,6518170482,-,Yoga Mat,6.0,29.99,-0.0,12.6,7.5,-179.94,,refunded,partial,usa,International,wholesale;backorder,,1267,
01268,2026-12-01,Elizabeth Garrett,CUST-985,dawn63@example.com,430692121256659,"PSC 5042, Box 5786 APO AA 79162",Whey Protein,2.0,35.0,10.5,4.2,9.99,70.0,,paid,fulfilled,"United States, CA",Express,wholesale;backorder,!!!,,2026-12-01
ORD1269,2026-05-01,Christopher Baldwin,,,17204708390319,"12228 Williams Junction Suite 271, South Stephanie, ID 53977",Yoga Mat,9.0,29.99,13.5,16.19,0.0,269.91,,refunded,partial,United States of America,Local Delivery,first-time;gift,Leave at door,,
ORD-1270,2026-01-18,Denise Watkins,CUST-661,asosa@example.org,740440522519774,"USCGC Holmes, FPO AE 32277",Dumbbell Set 20kg,3.0,45.0,-0.0,10.8,9.99,135.0,USD,chargeback,fulfilled,United States,Express,first-time,,ORD-1270,
ORD-1271,2026-01-01,"Green, Emily",CUST-529,lauren67@example.net,869553805717754,,WheyProtein,2.5,35.0,7.0,5.6,0.0,70.0,US$,unpaid,unfulfilled,"United States, CA",Pickup,gift,Leave at door,,
1272-01,2025-03-12,Adam Miller Phd,56944,fhughes@example.net,0019789451101105,78277 Jensen Groves Lake Robinton DC 94627,Yoga Mat,10.0,29.99,29.99,23.99,7.5,299.9,USD,paid,cancelled,"United States, CA",Pickup,first-time,"Fragile, handle with care",,2025-03-12
1273,2026-01-06,Anthony Silva,26027,bfranco@example.com,9875643465839,"2612 Michael Tunnel New Meganborough, MT 29300",stainless water bottle,10.5,-15.5,7.75,10.85,,155.0,,refunded,fulfilled,U.S.A.,International,wholesale;gift,Leave at door,1273,
1274-01,2026-01-24,Robert Smith,,sheila52@example.org,76447113379125,"681 Wood Roads Apt. 418 Toddchester, WI 26160",Wh3y Protein,4.0,35.0,21.0,8.4,4.99,,USD,partially refunded,cancelled,US,Local Delivery,,Leave at door,,
1275-01,,Nicole Wallace,CUST-275,williamconner@example.com,137332732829236,"6566 Carter Gateway Apt. 107 South Bradview, AZ 51397",RunningShoes(Pro),1.0,89.99,0.1,7.2,,89.99,USD,paid,partial,"California, US",Local Delivery,first-time;backorder;wholesale,,,
01276,2026-01-21,"Ayers, Shawn",,copelandjesse@example.net,001519790047469184,"756 David Extension, Loweview, TX 72122",Dumbbell Set 20kg,7.5,45.0,47.25,18.9,4.99,,US$,paid,partial,U.S.A.,International,vip,Leave at door,01276,2026-01-21
,2025-12-18,"Woods, Mary",CUST-354,wesleyclay at example.net,8637589072740,"19786 Vazquez Court Suite 251 Joannborough, HI 40669",Running Shoes (Pro),3.0,89.99,13.5,21.6,-0.0,269.97,EUR,unpaid,fulfilled,United States of America,Standard,first-time,!!!,,
1278-01,2026-01-25,Sarah Silva,CUST-933,christianrichardson@example.com,,,Yoga Mat,1.0,29.99,3.0,-1.8,,29.99,,refunded,fulfilled,United States,International,,,,
01279,2026-01-07,Matthew Rice,,xwilson at example.com,,"7412 Perez Center Apt. 917, Patriciaport, ID 90738",Running Sho3s (Pro),10.5,89.99,134.98,0.1,0.0,,,unpaid,fulfilled,US-CA,International,backorder;gift,Leave at door,01279,
ORD1280,,Cynthia George,CUST-484,unknown@,3048118950,Unit 3746 Box 0529 DPO AP 37302,running shoes (pro),5.0,89.99,67.49,36.0,0.0,449.95,,paid,fulfilled,usa,Local Delivery,,,,
1281,2026-01-03,Stephen Greene,17802,shawndavis at example.org,5058923458,Unit 6523 Box 9105 DPO AA 03506,Stainless Water Bottle,10.0,15.5,15.5,-9.3,7.5,10.0,,paid,fulfilled,U S A,Pickup,first-time;wholesale;gift,Call before delivery,,
ORD1282,2025-12-20,Laura Brown,22499,cynthia34@example.com,19232779437029,"USS Branch, FPO AA 92879",Running Shoes (Pro),1.0,89.99,4.5,5.4,,89.99,USD,chargeback,partial,U.S.A.,International,,Leave at door,ORD1282,
#1283,2025-12-03,Lindsay Alvarez,,levijoseph@example.com,8476389294,"2240 Ramos Expressway, Jasonmouth, NC 44213",Dumbbell Set 20kg,9.0,45.0,40.5,32.4,,-405.0,US$,paid,fulfilled,"United States, CA",Standard,backorder,!!!,,
,2025-12-30,Manuel Gordon,CUST-261,timothy86@example.com,466686634155269,"PSC 4112, Box 3437 APO AP 17800",Yoga Mat,9.0,29.99,13.5,21.59,,269.91,US$,chargeback,unfulfilled,usa,Pickup,gift;vip,Call before delivery,,2025-12-30
1285-01,2025-11-28,Tracy Collins,CUST-845,unknown@,2322046694,870 Nancy Avenue Suite 996 South Joshuamouth PA 04830,Yoga Mat,2.0,29.99,,4.8,7.5,59.98,,unpaid,unfulfilled,U.S.A.,Standard,,,1285-01,
01286,2025-12-17,Erica Gray,46975,kimberlyhood@example.net,,"505 Young Glens South Wendy, MO 63969",Whey Protein,5.0,35.0,26.25,10.5,7.5,175.0,USD,refunded,unfulfilled,United States of America,Express,vip;backorder;first-time,!!!,,
01287,2025-12-29,Peter Harris,CUST-841,walshpamela@example.net,2213829384522,"062 Reyes Turnpike Lake Jameshaven, FM 86280",whey protein,10.0,35.0,35.0,0.2,9.99,350.0,USD,paid,unfulfilled,US,International,wholesale,Leave at door,,
1288,2026-01-03,Dillon Sullivan,34265,zachary51@example.net,56151650149760,"44113 Jackson Ridge Suite 776 New Melissa, KY 80160",RUNNING SHOES (PRO),3.0,89.99,0.0,-21.6,7.5,269.97,EUR,paid,cancelled,United States of America,Standard,gift;vip;wholesale,Leave at door,1288,2026-01-03
1289,2025-12-02,Keith Good,CUST-750,normaprice@example.com,57925482842131,"167 Miller Crest Davidborough, SC 55176",Whey Protein,9.0,35.0,15.75,22.05,9.99,9.0,USD,paid,cancelled,U.S.A.,Local Delivery,,,,
ORD1290,2025-12-09,Sherry Smith,CUST-152,,2548488887,62215 Reyes Plaza Apt. 074 South Rachel NM 34592,whey protein,10.0,-35.0,17.5,28.0,0.0,350.0,USD,unpaid,fulfilled,U.S.A.,International,gift,,,
1291,2026-01-09,Stephanie Diaz,CUST-922,ewright at example.net,2106683824,"66946 Daniel Mountains Suite 924 East Mary, WI 45302",DumbbellSet20kg,3.0,45.0,,0.05,7.5,135.0,USD,chargeback,fulfilled,"United States, CA",International,,,1291,
1292,2025-12-31,Samantha Fields,CUST-315,browningcorey@example.org,1358509024455279,"01513 Olivia Valleys Apt. 049 North Tiffany, MI 08294",Running Shoes (Pro),3.0,89.99,-13.5,21.6,9.99,269.97,USD,paid,fulfilled,U.S.A.,International,vip;wholesale,Call before delivery,,2025-12-31
1293,,Samantha Mann,13541,matthew40@example.com,0019507739346305,00740 Ward Village Suite 598 Nunezmouth PW 74235,DumbbellSet20kg,2.0,45.0,13.5,,0.0,90.0,EUR,unpaid,cancelled,USA,Pickup,wholesale;backorder;first-time,!!!,,
1294-01,2025-12-26,Michelle Carpenter,68923,crystal08@example.org,8869323699,"662 Lang Vista Apt. 517 South Eric, MD 20440",Stainless Water Bottle,4.0,15.5,9.3,0.2,9.99,62.0,USD,partially refunded,fulfilled,"California, US",Local Delivery,gift,,1294-01,
#1295,,Leah Luna,CUST-740,nicholaswhite at example.com,2933278499,"98935 Chung Curve Rushchester, CO 42434",Stainless Water Bottle,5.0,15.5,7.75,5.43,,77.5,US$,paid,cancelled,usa,International,gift;first-time,Call before delivery,,
01296,2026-01-18,"Johnson, Angel",,matthew37 at example.com,0014235150982,"580 Nguyen Ville Suite 366 North Melissa, MN 81821",Running Shoes (Pro),6.0,89.99,0.15,43.2,4.99,539.94,,paid,cancelled,US-CA,International,backorder;wholesale,!!!,,2026-01-18
01297,2026-01-01,"Hall, Antonio",CUST-146,johnsondavid@example.org,8972972126,"27721 Williams Trail Perezberg, FM 72252",Bottle Steel,7.0,15.5,0.0,7.6,0.0,108.5,USD,paid,fulfilled,US-CA,Express,,Leave at door,01297,
ORD1298,2025-12-24,"James, James",CUST-322,umoore@example.net,189488396849265,,DumbbellSet20kg,6.0,45.0,13.5,18.9,0.0,270.0,,chargeback,fulfilled,usa,Pickup,first-time,Call before delivery,,
ORD-1299,,Belinda Carter,CUST-901,david23@example.org,6156504589,"725 Zachary Curve Suite 464 Lake Bradley, PR 66409",WHEY PROTEIN,5.0,35.0,0.05,0.1,4.99,175.0,EUR,paid,fulfilled,U S A,International,first-time,Call before delivery,,
#1083,2025-12-04,Brandi Hudson,CUST-429,christy21@example.com,9206010140,"63874 Wilson Turnpike Apt. 760, Larryborough, VI 16543",Running Shoes (Pro),8.0,89.99,0.1,43.2,4.99,719.92,USD,unpaid,partial,USA,Express,vip;wholesale;backorder,,#1083,2025-12-04
ORD1084,,Nathan Gill,CUST-645,pblankenship@example.org,00175252511677735,"84626 Ashley Skyway Suite 393 Reyesbury, KY 23898",Stainless Water Bottle,1.0,-15.5,2.32,0.93,9.99,15.5,USD,partially refunded,unfulfilled,U.S.A.,Express,backorder;gift,!!!,,
ORD-1053,,Jason Cook,CUST-420,raymondhorn@example.org,0017528940716,"6002 Maureen Views Suite 406 Ashleyview, CO 53713",running shoes (pro),2.5,89.99,0.2,10.8,7.5,179.98,,partially refunded,cancelled,US-CA,Local Delivery,first-time,!!!,,
ORD1206,2025-05-12,,20482,xwilliams@example.net,3756805077,,Yoga Mat,4.0,29.99,0.0,8.4,0.0,119.96,EUR,partially refunded,unfulfilled,USA,Standard,first-time,"Fragile, handle with care",ORD1206,
ORD-1166,,Crystal Mack,CUST-595,user at mail.com,7115558911,"10620 Austin Camp, Johnchester, MS 06327",Yoga Mat,1.0,29.99,1.5,2.4,4.99,29.99,US$,partially refunded,partial,U.S.A.,International,backorder;wholesale;first-time,"Fragile, handle with care",,
01212,2027-12-23,Brian Butler,CUST-851,michael52@example.com,5526818248,,Yoga Mat,9.5,29.99,0.0,16.19,7.5,269.91,,partially refunded,cancelled,"California, US",Standard,,!!!,,
01136,2026-01-22,Richard Sandoval,CUST-281,heatherturner@example.net,,"59976 Brandt Mount Charlotteville, MS 52987",running shoes (pro),8.0,89.99,36.0,,4.99,719.92,US$,partially refunded,fulfilled,usa,Standard,first-time;vip;gift,"Fragile, handle with care",01136,
1139-01,2026-07-01,Bethany Jones,CUST-657,,3329137391,"723 Robert Crossing Melissaville, HI 27317",Yoga Mat,5.5,29.99,7.5,12.0,4.99,149.95,EUR,refunded,partial,"California, US",International,gift;first-time;wholesale,"Fragile, handle with care",,
,2025-04-12,Yvonne Tucker,CUST-367,lisa28 at example.net,00197187672220785,976 Hernandez Plaza Danielland WY 01092,Whey Protein,4.0,35.0,21.0,8.4,7.5,140.0,USD,partially refunded,unfulfilled,US-CA,International,,Leave at door,,2025-04-12
ORD-1077,2026-01-16,Beverly Nelson,CUST-123,unknown@,92487674098664,"3188 Flores Valleys Apt. 011 North Daniel, IN 55193",Running Shoes (Pro),6.5,89.99,0.0,37.8,4.99,539.9399999999999,USD,partially refunded,unfulfilled,"United States, CA",International,gift;wholesale;first-time,,ORD-1077,
