Order ID,Order Date,Customer Name,Customer ID,Email,Phone,Address,Product,Quantity,Unit Price,Discount,Tax,Shipping Cost,Total Price,Currency,Payment Status,Fulfillment Status,Shipping Country,Shipping Method,Order Tags,Notes,OrderId,OrderDate
1000-01,2025/12/10 00:00:00,\tErin Obrien ,22199,OLIVIA54@EXAMPLE.ORG,+1 891 868 6496x8383,"  8928 Jennifer Mills
North Adam, AL 92121  ",Dumbbell Set 20kg,2-3,45.00,$9.00,USD 5.40,,90.0,,Partially Refunded,  fulfilled,United States of America,Express,vip/backorder/first-time,"Fragile, handle with care",1000-01,2025/12/10 00:00:00
ORD1001,10/01/2016,Emily Duffy,CUST-473,molly35@example.net,,"257 Stacy Mountain
South Seanborough DC 55650",Whey Protein,2-3,35.0,$10.50,15%,"7,50",, USD,Paid,partial,United States,Pickup,"  gift,vip","Fragile, handle with care",,
ORD-1002,2026-01-07,Timothy Stewart,43840,  cranejoan@example.net ,001-416-824-4664,"\t99453 Burns Village Suite 747
Hamiltonbury, FM 22967 ",Whey Protein,5,35.0,$17.50,$10.50,9.99,175.0,EUR, Paid ,partial,U.S.A.,Pickup,vip/first-time/gift,,,
ORD-1003,12-06-2025 00:00,Jason Morales,CUST-457,paulburgess@example.net,5817758256,"80730 Laura Drives Suite 076
New Johntown, MP 65703",Bottle Steel ,10,45.00,,$31.50,$7.50,450.0,EUR,Chargeback,unfulfilled,United States of America,Pickup,," Fragile, handle with care  ",ORD-1003,
 1004 ,12-07-2025 00:00,\tJohn Blake ,NULL,amy43@example.com,(383)907-4566,"2051 Jacob Meadow Suite 997, Timothymouth, PR 79316",Stainl3ss Water Bottle,4.0,15.5,$0.00,3.72,"9,99",USD 62.00,,Unpaid,cancelled,United States of America, Local Delivery,gift|backorder|wholesale,,,12-07-2025 00:00
 ORD-1005,2026/01/05 00:00:00,Robert Garcia,,corey44 at example.net,-," 919 Michael Views
Johnport, NC 71079",Running Shoes (Pro),7,"89,99 ",94.49,$44.10,$0.00,7,,paid,unfulfilled,USA,Express,"first-time , backorder",Leave at door,,
\t1006-01 ,12-18-2025 00:00,"Boyer, Lisa",CUST-736,griffithmichael@example.net, (486)347-1720x22523 ,"590 Garcia Fords
Ellisonbury, AS 63316",WheyProtein,9,  35.00 ,\t5%,$22.05,9.99 ,$315.00,US$,Partially Refunded,unfulfilled,United States of America,International,,!!!,\t1006-01 ,
ORD1007,unknown, Toni Mills,CUST-428,fesparza at example.com,\t682.474.2057x16796 , ,Running Sho3s (Pro),9 pcs,"\t89,99",$80.99,64.79,$7.50,809.91,US$,paid,FULFILLED,  United States of America  ,Express,"backorder , first-time , vip",,,
ORD1008,23/12/2015,Jonathan Brown,23130,walterluke@example.com,661.530.0182x93549,"427 Sierra Fork, New Kimberlyshire, MN 15715",  Yoga Mat  ,7.0,$29.99,USD 20.99,14.7,\t4.99,"209,93",US$,  Paid  ,partial, United States of America,Standard,\tgift/wholesale/backorder ,!!!,,23/12/2015
ORD-1009,20/01/2026,Steven Crosby,CUST-591,allenjesus@example.org,001-767-328-9477x541,"390 Campbell Lake
Justinfurt, NV 52404 ",yoga mat,1,USD 29.99,0.0,$2.10,4.99,USD 29.99,EUR,PAID,fulfilled,"California, US",Local Delivery,  ,!!!,ORD-1009,
1010,2025-12-10,Jason Reynolds,21165,smithjohn@example.org,+1-359-929-0160,"\t7485 Ware Drive Apt. 280, East Justin, MT 56580 ",Dumbbell Set 20kg,03,45.0,$0.00,10.8,7.5,USD 135.00,EUR,Refunded,fulfilled,  USA,Express,\t,Leave at door,,
ORD-1011,2025-12-05,Gregory Hernandez,40715, armstrongjessica@example.com,241.263.5572,"3338 Tanner Loaf Apt. 198
Gatesborough, PA 41608",\tRunning Shoes (Pro),01,(89.99),4.5,$6.30,0.00,  89.99,  US$,Partially Refunded,cancelled, US,Standard, wholesale  ,,,
  1012,2025/12/19 00:00:00,Laurie Singleton,CUST-826,lori43 at example.org,2266006252x8311,"10340 Wright Shoals Apt. 773
New Gary, WY 63042",RUNNING SHOES (PRO),6 pcs,"89,99",15%,43.20,FREE,539.9399999999999,\tusd  ,  Chargeback,fulfilled,"California, US",Standard,"wholesale,first-time","  Fragile, handle with care  ",  1012,2025/12/19 00:00:00
#1013,2026-01-19,Kayla Garrison, CUST-235 ,N/A,306.963.2700,"090 Cohen Haven
Weberbury, KY 84155",Running Shoes (Pro),2,\t89.99 ,$27.00,USD 14.40,0,179.98,USD,Refunded,FULFILLED,United States,International,  vip,,,
01014 ,2025-12-08,David Ross,50178,mcdonaldsteven@example.org,642.613.7404,"188 Lori Terrace Suite 880
Shaunland, IA 22906",Yoga Mat,4 pcs,\t29.99  ,,(7.20),\t(0.00) ,119.96,,Unpaid,FULFILLED,"United States, CA",Local Delivery,,"Fragile, handle with care",,
1015-01,12-01-2025 00:00,"Solomon, Melanie",CUST-713,karigalvan@example.net,001-631-626-9673,"4091 Johnson Divide, Andradeport, AZ 87481",  Running Sho3s (Pro),10,89.99, $89.99  ,$62.99,$7.50,  USD 899.90  ,EUR,Partially Refunded,unfulfilled  , United States of America  ,Pickup ,"first-time,backorder,gift",Leave at door,1015-01,
\t01016,09/12/2026,Jessica Cross,81352,\tamanda07@example.com ,-,"Unit 8706 Box 0432, DPO AA 01963",Stainless Water Bottle,10,$15.50,0.0,\t$10.85  ,$9.99,"155,00",USD,PAID,cancelled,U.S.A.,\tExpress ,vip, ,,09/12/2026
Order ID,Order Date,Customer Name,Customer ID,Email,Phone,Address,Product,Quantity,Unit Price,Discount,Tax,Shipping Cost,  Total Price ,Currency, Payment Status  ,Fulfillment Status,Shipping Country,Shipping Method,Order Tags,Notes,,
1018,  25/01/2026  ,Katelyn Peters,86462,yleach@example.com,673.481.9013x56313,"6732 Garrett Trail
East George, MO 71926",Stainless Water Bottle,03,"\t15,50  ",5%,2.79,USD 9.99,  USD 46.50  ,  usd  ,Paid,fulfilled,U.S.A.,Express,first-time/vip/gift,!!!,1018,
null,N/A,  Sharon Velez,62739,\talexander14@example.net,001-298-218-5477x26431,"82510 Carol Fields Suite 301
Port Kenneth, FL 90660",Yoga Mat,2,29.99,(6.00),USD 4.20,"7,50",59.98, USD ,Unpaid,cancelled,United States,Standard,gift,,,
01020,2025/12/29 00:00:00,Cheryl Hamilton, CUST-341,,N/A,"554 King Forges Suite 507, Meganshire, VT 99078",Stainl3ss Water Bottle,1,(15.50),1.55,$0.93,  FREE,1,\tusd ,paid,partial,U.S.A.,  Standard ,,Leave at door,,2025/12/29 00:00:00
ORD1021,03/01/2026,Jordan Brown,CUST-473,  hgonzalez@example.net ,313-450-3668x077,"USNV Miller, FPO AA 97917",Whey Protein,7-8,35.0,,USD 19.60,  FREE ,(245.00),,Unpaid,FULFILLED,United States,Local Delivery,first-time ; gift,!!!,ORD1021,
1022-01,2026-01-26,William Meyer,\t   ,,\t2188386588,"\t3981 Randy Walk Suite 069, Allisonport, AK 99689 ",WheyProtein,09  ,USD 35.00,31.50,5%,4.99,$315.00,US$,Paid,cancelled,US-CA  ,Local Delivery,"wholesale,backorder",Leave at door,,
01023,2025-12-14,Amanda Rose,\t56932  ,annberry@example.org,824 334 7998," 783 Brandon Port
Underwoodtown, HI 51386",Running Shoes (Pro),6 pcs,USD 89.99,$80.99,$43.20,0,(539.94),,Partially Refunded,unfulfilled,USA,Local Delivery,"wholesale , backorder",,,
#1024,2026-01-25,Cassandra Watson,10721, ,+1-571-547-0048x927,"082 Schaefer Inlet
Port Amyville, ME 73992", Yoga Matt ,6 pcs,"\t15,50",0.0,7.44,4.99,USD 93.00,US$,Partially Refunded,partial,US-CA,Express,first-time ; backorder ; gift,Call before delivery,#1024,2026-01-25
#1025, 2026.01.04 ,Monica Miles,89161,N/A,(464)293-7863x516, ,Wh3y Protein,10  ,\tUSD 35.00,35.00, 28.0,9.99, $350.00  ,USD,Unpaid,  partial,usa,Standard,"wholesale,backorder",Call before delivery,,
ORD-1026,\t2025/12/06 00:00:00 , Rachel Evans  ,  CUST-145,wyattsara at example.org,540.362.7218x3856,"7907 Brock Isle Apt. 076
West Charleston, SD 44618",Running Shoes (Pro),1,89.99,0.0,"5,40",  (4.99),$89.99,usd,\tpaid  ,unfulfilled,United States of America,\tLocal Delivery,  gift ," Fragile, handle with care ",,
ORD1027,2025-12-06,"Johnson, Jill",CUST-592,lorigay@example.org,null,"693 Connor Islands Apt. 966
Lake Jennifermouth, TX 97704",Yoga Mat,7,29.99,USD 10.50,\t12.60 ,"7,50",209.92999999999998,EUR, PAID,  partial  ,United States,Local Delivery,first-time,Leave at door,ORD1027,
 #1028,2025-12-31,Lisa Wright,40449,matthewtaylor@example.org ,2693630327,"1553 Vasquez Court Apt. 150
Candiceland, AR 22122",  Whey Protein  ,10,35.0,(0.00),21.00,"4,99", (350.00),usd,Paid,cancelled,"United States, CA  ", Local Delivery ,vip,"Fragile, handle with care",,2025-12-31
1029-01,2026-01-05,Rebecca Wood,,\tawillis@example.com ,592-605-4439,509 Allison Glen Apt. 621 Michaelview WA 12171,dumbbell set 20kg,04,\tUSD 45.00,$0.00,10.8,9.99,180.0,EUR,Refunded,fulfilled,"California, US",Pickup  ,gift ; wholesale,,,
1030-01,\t24/12/2025  ,Samuel Turner,34039,  JENNIFERSANDERS@EXAMPLE.NET ,8017249826,"92360 Mccann Dam Apt. 134
North Dylan, MA 53942",DUMBBELL SET 20KG,4-5, $45.00,USD 9.00,15%,4.99,180.0,usd,Chargeback, unfulfilled  ,US-CA,Standard  ,vip,,1030-01,
  1031-01,\t12-28-2025 00:00  ,"Lynch, Brittany",CUST-224,fieldsisaiah@example.org,+1 875 429 4688x68396,"Unit 3489 Box 0420, DPO AA 36142",whey protein, 1  ,35.00,20%,$2.10,USD 7.50,USD 35.00,,Paid,fulfilled,"United States, CA",International,wholesale,\t!!!  ,,
1032,\t27/12/2025  ,Ashley Bond,CUST-901,N/A,  991.330.3393 ,"4942 Regina Bridge Apt. 150
East Williambury, AZ 26338",US,6-7,89.99,0.0,$37.80,0,539.9399999999999,,paid,partial,RUNNING SHOES (PRO),Local Delivery,,"Fragile, handle with care",,\t27/12/2025  
01033,2026.01.02,Tommy Koch,25934,ccrawford@example.org,(776)249-6531,"812 Walker Roads, New Franklin, AZ 99567",U S A,2-3,89.99,15%,\tUSD 12.60  ,0,"179,98",,PAID,  partial,Running Shoes (Pro),\tInternational  , vip,,01033,
 1034 ,2021-01-30,"Moore, Kevin",CUST-889,LANCE88@EXAMPLE.COM,  (581)278-2636x85499,"930 Wang Shoal
Robertburgh, MD 37092",Dumbbell Set 20kg, 10,  USD 45.00  ,USD 22.50,$31.50,(7.50),450.0,EUR,  Unpaid  ,fulfilled,US,\tInternational,,!!!,,
\tOrder ID  ,  Order Date ,Customer Name,Customer ID,Email,Phone,Address,  Product,Quantity,Unit Price,Discount,Tax,Shipping Cost,Total Price,Currency,Payment Status,Fulfillment Status,Shipping Country, Shipping Method ,Order Tags,Notes,,
ORD1036,2025-12-12,Brian Maynard,62150,,  9695561522,"48060 Lyons Forest
Ortizville, KS 35209",WheyProtein,10-11,USD 35.00,(0.00),,USD 9.99 ,350.0,EUR ,Paid,partial,U S A,Local Delivery,gift;vip,"Fragile, handle with care",ORD1036,2025-12-12
ORD-1037,,Michael Davidson,76013,sarah66 at example.net,424-595-1265,-,stainless water bottle,9.0,(15.50)  ,20%, 8.37,USD 0.00,139.5,USD, Unpaid,FULFILLED,usa, Pickup  ,wholesale;vip;first-time,   ,,
1038-01,,Patrick Myers,CUST-203,meganstewart@example.org,342.260.4101x1641,"  3469 Wagner Fords Apt. 601
Debbiefurt, MA 51751  ",Runner Shoes Pro,1.0,"45,00",$2.25,USD 3.60 ,4.99  ,45.0,EUR,PAID,partial,United States ,Express,  first-time,Call before delivery,,
#1039,01-13-2026 00:00,John Sanders,\tCUST-831,timothycarroll@example.org, - ,"7374 Matthew Extension Suite 300, Lake Dakota, ME 77904",\tStainless Water Bottle ,5,$15.50,  $3.88  ,4.65,4.99,USD 77.50,USD,Refunded,FULFILLED,United States of America,Local Delivery,,Call before delivery,#1039,
 ,15/01/2026,Dan Cole,N/A,iguerrero@example.net,521-787-5787x40309,"53305 Megan Turnpike Suite 901
Lake Christine, WV 23492", Wh3y Protein ,07,35.0,24.50,USD 14.70,USD 0.00,$245.00,usd,Refunded,cancelled,US-CA,  Local Delivery  ,gift ; vip ; wholesale,   ,,15/01/2026
1041-01,12-20-2025 00:00,"Johnson, Joanne",20121,zward@example.org,N/A,"USCGC Ramsey
FPO AP 15815",Whey Protein,9.0,$35.00,$0.00,,$0.00,315.00,  , Partially Refunded,partial,US,Local Delivery,,,,
01042, yesterday,"Ortiz, Michael",27125,haleernest@example.net,-,"\t17833 Stewart Plaza Apt. 526
Brownside, AR 70686 ",  Yoga Mat  ,10-11,  29.99  ,44.98,USD 17.99,4.99,"299,90",usd,Partially Refunded,fulfilled,United States of America,International,gift ; first-time,"Fragile, handle with care",01042,
 1043 ,01-01-2026 00:00,"Roth, Leah",49512,schwartzmichele@example.com,+1-203-992-5261,"PSC 8566, Box 0883
APO AA 32975",Dumbbell Set 20kg,10 pcs,"45,00",\t$0.00 ,"27,00",4.99,450.0,,PAID  ,unfulfilled,usa,International,backorder,"Fragile, handle with care",,
ORD1044,  05/12/2025 ,Marc Jordan,43953,fieldscasey@example.net,4364336161,,Dumbbell Set 20kg,6 pcs,  45.0,13.50,(16.20),USD 0.00,270.00,EUR,Chargeback,FULFILLED,United States,\tLocal Delivery  ,vip/wholesale/backorder,Call before delivery,,  05/12/2025 
#1045,2026/01/02 00:00:00,Benjamin Johnson,CUST-929,N/A ,(862)691-4626,"0680 Quinn Forest Suite 307
Michellechester, WA 83775",Whey Protein,6,  35.00  ,"31,50", 12.60  ,USD 7.50,210.0,EUR,Chargeback,FULFILLED,United States,Express,  gift;vip ,Call before delivery,#1045,
#1046,2026/01/09 00:00:00,David Bullock,CUST-787,unknown@,908-842-4272," 37991 Malone Brook
Ryanstad, CA 89135  ",yoga mat,4,(29.99), (17.99) ,10%,"9,99",(119.96),USD,Partially Refunded,fulfilled,USA,Pickup,vip/backorder/wholesale,Leave at door,,
-,26/12/2025,Yvonne Tucker,CUST-367,lisa28 at example.net,001 971 876 7222x0785,"976 Hernandez Plaza
Danielland WY 01092",Whey Protein,4 pcs,35.00," 21,00",8.4,7.50,$140.00,usd,PAID,unfulfilled,US-CA,International,,\tLeave at door,,
ORD1048,  2025-12-10  ,Anna Payne,CUST-658,BMILLER@EXAMPLE.NET,566588 8103,"86221 Espinoza Fields
Lake Oscarberg, OR 29136",WheyProtein,  8-9,35.0,0.00,(19.60),FREE," 280,00 ",\tusd  ,Partially Refunded, FULFILLED  ,U.S.A.,Pickup,first-time ; vip ; gift,,ORD1048,  2025-12-10  
  ORD-1049  ,  2026/01/09 00:00:00,Kelly Diaz,69298,whamilton@example.org,(998)245-4387,na,Yoga Matt,1,(15.50),(2.32)  ,1.24,9.99,15.5,USD,Chargeback,partial,US-CA, Express  ,wholesale,,,
01050  ,\t2026-01-20 ,Sarah Adams,CUST-927,JASONWARD@EXAMPLE.ORG ,552.291.9875x9393,"810 Laura Mills, Harrismouth, VT 76915",Stainless Water Bottle,04,\t15.5 ,,\tUSD 4.96,0.00,(62.00),USD,  Partially Refunded ,FULFILLED,USA,Standard,backorder,!!!,,
 1051 ,20/01/2026,Lauren Grant, CUST-627 ,,001 276 684 2507x25738,NULL,Whey Protein,7,  35.0 ,  USD 12.25,17.15,9.99,245.0,,paid,fulfilled,U.S.A.,Local Delivery,backorder/gift,Call before delivery, 1051 ,
 1052 ,02/12/2025,  Jesse Griffin,13588,jessica68@example.org, ,"516 Mark Lodge
Michelleside, MP 10277",Running Shoes (Pro),10,89.99, USD 45.00,$62.99,USD 4.99,$899.90,USD,  Chargeback,  fulfilled  ,United States,Express,wholesale,Leave at door  ,,02/12/2025
ORD-1053,2026/01/08 00:00:00,\tJason Cook ,CUST-420  ,raymondhorn@example.org,001-752-894-0716,"\t6002 Maureen Views Suite 406
Ashleyview, CO 53713",running shoes (pro),2-3,89.99,20%,10.80,7.50,$179.98 ,,paid,cancelled,US-CA,Local Delivery,first-time,!!!,,
1054,2025.12.19,Matthew Cruz,\tCUST-405 , kathleen38@example.net  ,5259189999,"  366 Macias Mountain Apt. 141
West Yolanda, TN 15912",Dumbbell Set 20kg  ,3 pcs,(45.00),USD 13.50,10.80,7.5,135.0,US$,Chargeback,partial,"United States, CA",Pickup,,,1054,
   1055  ,2025/12/10 00:00:00,Tracy Gould,36487,delacruzbrent@example.com,799.576.6497x62012,N/A,Yoga Mat,10-11,29.99,44.98,$20.99,  7.50 ,\t$299.90  ,usd,Chargeback,cancelled,US-CA,Pickup,"first-time,backorder",\tCall before delivery  ,,
  1056   ,19/01/2026,Jennifer Richards,51408,,377.580.9780x41710,-, Running Shoes (Pro) ,09,"89,99",USD 40.50,  56.69,FREE,$809.91,EUR,Paid,partial,USA,Pickup,vip,,,19/01/2026
01057,01-17-2026 00:00,Paula Mckee DVM,33119,  ricardo41@example.net  ,(849)656-0440,, Yoga Mat,7 pcs,"29,99",USD 10.50,12.6,0.00,209.92999999999998,USD,Paid,unfulfilled,"United States, CA",Express,"vip,first-time,backorder",,01057,
 01058  ,2026/01/20 00:00:00," Mason, Holly ",CUST-144,MULLINSVICTORIA@EXAMPLE.ORG,(932)216-7502,55679 Donna Creek Apt. 868 Port Jennifershire AL 11403,Stainless Water Bottle,5, 15.50,(7.75),5.43,USD 0.00,77.5,USD,Partially Refunded, fulfilled ,U.S.A., Standard,wholesale;vip;first-time, ,,
1059-01,2026/01/24 00:00:00,Charles Barr,NULL,shannon52@example.com,654 590 1351,"673 Collins Trafficway, Khanbury, NM 63006",running shoes (pro),5,"89,99",67.49,  36.00 ,(4.99),449.95,usd,Refunded,partial,US,Express,,"Fragile, handle with care",,
-,02-14-2021 00:00,  Stephanie Garrett  ,28354,,472-817-1673,"8399 Winters Isle
Port Michelle, VI 44130",Yoga Mat,3,\t$29.99 ,9.0,7.2, $0.00,$89.97,US$  ,PAID,cancelled,U S A,Standard,\twholesale|first-time,  ,-,02-14-2021 00:00
ORD1061,27/12/2025,Jessica Johnson,CUST-196,xconrad@example.com,001-815-464-5168x199,"304 Glenn Squares Apt. 437
South Ericside, NH 36636",  Whey Protein ,3-4,35.0,5.25,6.3,7.5,USD 105.00,usd,PAID,\tpartial ,\tUnited States,Standard,vip ; gift ; first-time,Call before delivery,,
01062,11-28-2025 00:00,Caitlin Williams,39014, huffmandavid at example.org  ,  499-424-0239x423  ,"3976 Thomas Harbors Suite 259
Parkerton, WI 79901",DumbbellSet20kg,8.0,45.0,36.0,28.80,$9.99,"360,00",US$,Unpaid,cancelled,"United States, CA ",Express,,Call before delivery,,
1063-01,,\tKevin Clark,CUST-105,stephensvictor@example.com,(745)911-6220x59122,"35266 Tara Isle Suite 220
Scottberg NY 35976",Dumbb3ll Set 20kg,\t3,\t45.00 ,5%, USD 9.45  ,7.5,"135,00",US$,Chargeback ,FULFILLED,United States,Pickup,"first-time,backorder",  ,1063-01,
  #1064,2025/12/02 00:00:00,Elizabeth Hendrix ,35674,duncancarolyn@example.com,001-737-805-2556x7528,"9912 Bernard Street
Richardsontown, PW 19462",Running Shoes (Pro),8.0,89.99,"0,00",$43.20,"0,00",719.92 ,  usd,Partially Refunded,fulfilled,  U.S.A.  ,International,vip;wholesale,Leave at door,,2025/12/02 00:00:00
\t#1065  ,2025-12-13,Kara Beard, CUST-713,gjackson@example.net,\t746 218 4137x488 ,"  740 Pacheco Green Suite 247
North Jenniferville, FL 72353 ",\tDumbbell Set 20kg,  10-11  ,\t(45.00),"\t45,00  ",20% ,FREE,450.0,,Refunded,unfulfilled,United States,Express,gift,Call before delivery,,
1066-01,2025-12-27,"Wright, Alicia",CUST-425,victor37@example.net,(690)240-4433x1911 ," USNV Anderson
FPO AP 32433",RunningShoes(Pro),  10 pcs ,  89.99,89.99,,9.99,899.9,,\tpaid  ,unfulfilled,United States of America, Express ,wholesale,  ,1066-01,
01067,2025-12-22,"Pham, Rebecca",83015,NICOLEMEDINA@EXAMPLE.ORG,(357)393-0676,"161 Nancy Ramp
South Christychester, GA 65297",Whey Protein,1.0,  35.0 ,,"2,80",,35.0,usd,Unpaid,cancelled,USA,\tLocal Delivery ,vip/backorder/wholesale ,"Fragile, handle with care",,
#1068,2025.12.02,Jamie Morales,CUST-982,ruizkatherine at example.com,(250)734-6231x64977,"USNV Smith
FPO AE 88887",Stainless Water Bottle,\t3-4 ,(15.50),0.0,$3.72,$7.50,"46,50",\tEUR,Paid,cancelled,United States of America,Express,\tfirst-time;backorder;gift,\tCall before delivery  ,,2025.12.02
#1069,\t2026-01-06 ,Ashley Hill,98409 ,andersonsherry@example.net,  001-648-328-5471,"7322 Rodgers Ramp Suite 161
Kennethville, OH 05261",Stainless Water Bottle,\t9 ,,USD 6.98,8.37,FREE,USD 139.50,US$,Refunded,FULFILLED,US-CA,Express,"\tgift , backorder  ",,#1069,
  #1070  ,2026/01/08 00:00:00,Dawn Montoya,48553  ,anna90@example.net,417.863.5131x03723,"8385 Elizabeth Ports Apt. 604
South Joseph, VI 58615",Whey Protein,6,35.00,  31.5  , 14.7 ,4.99,$210.00 ,usd,paid,partial,United States,Standard,wholesale,"Fragile, handle with care",,
#1071,2025-12-26  ,Alexandra Bryant,65955,  N/A,(258)402-9636x6072,"324 Stein Lock Suite 989
Bridgetfurt, GU 90250",Running Shoes (Pro)  ,10-11,89.99,$0.00,62.99 ,,899.9,,PAID,cancelled,  United States of America ,Express,gift/wholesale/vip,Call before delivery,,
  #1072 ,2026/01/18 00:00:00,Brian Robinson,CUST-801,chambersstacy@example.org,(364)505-9783,"475 Reed Brooks Suite 058
East Susan, MP 71239", Whey Protein  ,2-3,$35.00,"0,00",5.6,9.99,USD 70.00,,  PAID , partial  , US-CA,International,,,  #1072 ,2026/01/18 00:00:00
1073,2025-12-28,Anthony Higgins,CUST-938,rbraun@example.org,001-603-369-4634,"  60111 Suzanne Meadows Apt. 876
Nicoleville, KY 79269  ",Dumbbell Set 20kg,10-11,(45.00),"0,00",36.00,7.5,\t450.00  ,usd,Paid,partial,US-CA,Express,wholesale,Call before delivery,,
ORD1074,\t01/12/2025 ,Spencer Lam,CUST-145,amy40 at example.net,+1-886-412-8614x556,"420 Adam Ford
North Kathleenchester, WA 50856",Dumbbell Set 20kg,7,45.0,  $31.50,(22.05),USD 7.50,$315.00,USD,Unpaid,FULFILLED,"California, US",Pickup,"wholesale,vip,gift","  Fragile, handle with care  ",,
01075,2026-01-09,Alfred Daniels,null,thompsondonna@example.net,NULL,"99832 Collins Passage
South John PA 29996",United States of America,3.0,"29,99",(0.00),7.2, (0.00) ,89.97,EUR,PAID,cancelled,Runner Shoes Pro,\tPickup ,"backorder , wholesale",,01075,
 ORD-1076,12-01-2025 00:00,"Flores, Rachel",N/A,JASONEDWARDS@EXAMPLE.ORG,+1-703-901-6383x54792,"4761 James River Apt. 101
South Shannon, MH 40555",dumbbell set 20kg, 7.0,45.00,0.00,10%,,,, Chargeback, cancelled  ,"California, US",\tPickup ,,\tCall before delivery ,,12-01-2025 00:00
ORD-1077,N/A,Beverly Nelson,CUST-123,unknown@,924876 7409x8664,"3188 Flores Valleys Apt. 011
North Daniel, IN 55193",Running Shoes (Pro),6-7,89.99,  USD 0.00  ,37.8,$4.99,539.9399999999999,usd,Paid,unfulfilled,"United States, CA",International,gift|wholesale|first-time,,,
1078,,John Bailey,97408  ,\tN/A  ,2864213087,"4199 Townsend Wall
Port Michele, MP 63530",dumbbell set 20kg,8 pcs,45.00  ,0.0,15%,4.99,360.0,,PAID,unfulfilled,US,Standard,wholesale ; gift,Leave at door,1078,
 1079   ,,James Hernandez,88184,brianpatterson@example.com,2185974111,"Unit 1729 Box 2918, DPO AP 59756",\tDumbbell Set 20Kg ,8,45.0,54.0,"  21,60 ", USD 9.99 ,"360,00",,\tpaid ,FULFILLED,U.S.A.,Standard,gift|first-time|vip,,,
01080,today,Bianca Mills,CUST-557,davidneal at example.org,562.331.3903,"317 Gibson Pine
Lopezburgh, MT 43848",Dumbbell Set 20kg,6,45.00,5%,16.2,FREE,6,EUR,Refunded,unfulfilled,US-CA,Standard,vip;wholesale,"Fragile, handle with care",,today
 1081 ,2025-12-24,Catherine Mccoy,90806,unknown@,(758)289-7614x352,,Yoga Mat,7.0,29.99,10%,$16.79,FREE,209.92999999999998,EUR,Paid ,unfulfilled,"California, US",Local Delivery,   ,Call before delivery, 1081 ,
 1082 ,2026/01/26 00:00:00,"Harmon, Eric",NULL,MHUANG@EXAMPLE.ORG,+1-325-532-2649x40772, ,Dumbb3ll Set 20kg ,5 pcs, $45.00 ,33.75,\t15.75 ,"4,99","  225,00 ",usd,PAID,FULFILLED,United States of America,Pickup,vip/gift/wholesale,"Fragile, handle with care",,
#1083,2025-12-29,Brandi Hudson,  CUST-429,christy21@example.com,920.601.0140," 63874 Wilson Turnpike Apt. 760, Larryborough, VI 16543 ",Running Shoes (Pro),\t8,$89.99,10%,\t$43.20  ,USD 4.99,$719.92  ,usd,\tUnpaid  ,partial ,\tUSA,Express,vip/wholesale/backorder,,,
ORD1084,2025.12.27,Nathan Gill,CUST-645,pblankenship@example.org,001-752-525-1167x7735,"84626 Ashley Skyway Suite 393
Reyesbury, KY 23898",Stainless Water Bottle,1.0,(15.50),$2.32,$0.93,USD 9.99,$15.50,USD,Paid,unfulfilled,U.S.A.,Express,"backorder,gift",!!!,ORD1084,2025.12.27
#1085,19/01/2026,William Stokes,78460,glenda33@example.net,567.285.3053,"0367 Margaret Unions Apt. 169
North Kyle, AZ 89497",Dumbbell Set 20kg,2-3,(45.00),(4.50),5.4 ,USD 4.99,USD 90.00,  ,paid  , FULFILLED,US-CA,Local Delivery,gift;wholesale;vip,Call before delivery,,
  1086 ,,Andrew Davis,CUST-331,  JAMESBROOKS@EXAMPLE.COM ,+1-880-478-7826x368,8817 Holly Ramp Suite 823 Tammyport AS 05950,Dumbbell Set 20kg,9,45.0,,$28.35,USD 0.00,405.0,EUR,Refunded,partial,US,Local Delivery,gift,"Fragile, handle with care",,
 1087 ,01-07-2026 00:00,Joel Turner,54490,\tronald95 at example.org,889.323.4886x1177,"0340 Michael Centers
Amandastad, MO 52151",  Yoga Mat ,\t4 ,29.99,$0.00,7.2,USD 4.99,119.96, usd, Paid,unfulfilled,US-CA,International,,, 1087 ,
01088,,"Allen, Paul",\t82682  ,tyler94@example.com,\t ,"71214 John Loaf Apt. 643, East Jessicachester, AZ 80769",\tRunner Shoes Pro ,8-9,45.0,\t(0.00),(25.20),FREE,360.00,usd,Chargeback,fulfilled, U S A  ,Standard  ,"gift,backorder,wholesale",!!!,,
01089 ,  05/01/2026,Olivia Thomas, 79773,danabryant@example.net, +1 868 343 0514x51653 ,"434 Allen Forest
Lake Kyle, CT 23217",Running Sho3s (Pro),9,USD 89.99, 0.0,20%,$7.50,,US$,Refunded,cancelled,"United States, CA",Local Delivery,vip,  !!!  ,,
1090-01,,Elizabeth Gordon,CUST-287, marksmith@example.net,001-506-253-7613x58529, ,United States of America,8-9,USD 29.99,(0.00),16.79,(4.99),(239.92),,Paid,partial,yoga mat,Express,backorder,,1090-01,
ORD1091,2016-01-08  ,Patrick Ward,39698,ghicks@example.com,001-741-224-8826x949,"0775 Kimberly Camp Apt. 381
Michaeltown WY 04488",  DUMBBELL SET 20KG ,8,45.00,USD 54.00,28.8,4.99,"360,00",usd,Paid,cancelled,U S A,Pickup,gift|first-time,Call before delivery,,
 1092  ,,Terry Rivera,97764,vegapatrick@example.org,NULL,"PSC 9057, Box 4175
APO AE 43097",Runner Shoes Pro,5-6,$35.00,(8.75),"10,50",USD 0.00,"175,00",EUR, PAID,cancelled,US-CA  ,Standard,wholesale ; gift,"\tFragile, handle with care",,
1093,2025-12-02,Stephanie White,NULL,smithmichael@example.org,441-878-0580,"881 Wilcox Streets
Carrieburgh, MP 15770","United States, CA", 5 pcs  ,45.0,0.0,5%,4.99,225.0,,Refunded,cancelled,Dumbbell Set 20kg,\tPickup  ,  first-time/gift,\t!!!  ,1093,
 1094 ,2025-12-22,Janet Jones,CUST-763,masonchristopher at example.com,(800)485-2640x35647,"78869 Raymond Hill
Martinton, AZ 88324","United States, CA", 8-9,,6.2,"9,92",4.99,,  USD ,Paid,fulfilled,stainless water bottle,  Pickup,first-time,,,
 1095 ,2025-12-18,William Wilson,61908,unknown@,297-506-4109x0672 ,"62898 Robert Row
Kathleenland, IL 61579",\tProtein Whey,10,35.00,USD 17.50,28.0,FREE,350.0,usd,Unpaid,partial,United States,Standard,wholesale ; first-time ; gift,Leave at door,,
  #1096,,"Ballard, Dorothy",CUST-794, ELLISRHONDA@EXAMPLE.NET  ,\t001-538-802-4595x601  ,"50945 Johnson Ports
New Carolmouth, VT 96951",YOGA MAT,5 pcs,USD 29.99,$7.50,20%,(9.99),USD 149.95,USD,Refunded,unfulfilled,U.S.A.,Standard,"vip , first-time",Call before delivery,  #1096,
ORD1097,2025-12-02  ,Michelle Perkins,82336,robertsonchristina@example.org,950.658.4831,"98078 Ramirez Hills Apt. 905
Port Jamie ID 33556",Yoga Mat,8 pcs,29.99,USD 12.00,20%,"4,99",239.92  ,EUR,Unpaid,FULFILLED,"United States, CA", Pickup,,Leave at door,,
\t 1098   ,yesterday,Matthew Rose PhD,CUST-151 ,  jacobbautista at example.net  ,NULL,"Unit 4298 Box 3409
DPO AP 70564 ",\tstainless water bottle ,7-8, 15.5 ,$0.00 ,5%,$7.50,7-8,usd,Refunded,unfulfilled,usa,Local Delivery,"first-time , wholesale , vip","Fragile, handle with care",,
1099-01,01-07-2026 00:00,Anthony Larsen,CUST-301,pachecoamber@example.com,(907)380-7456x624,"5117 Janet Pass
Amandaside, MT 38240",Whey Protein,\t8-9,35.0,"14,00",22.4,$4.99,$280.00,,\tPaid  ,cancelled,"United States, CA",Pickup,first-time,"Fragile, handle with care",1099-01,
1100-01, 01/01/2026  ,-,98541,danawilson@example.org,216.302.3731x3510,"066 Cabrera Crossroad
Abbottland, PA 75139",  U.S.A. ,08,29.99,"35,99", (14.40) ,"9,99", $239.92  ,,Unpaid,FULFILLED,\tYoga Mat ,Express,"vip,backorder",,, 01/01/2026  
#1101,  12-09-2025 00:00,Stacy Jones,  61690 ,cheryl70@example.com,NULL,"553 Regina Gateway
Port Pamview, OK 07808",Stainless Water Bottle,08,15.5,(6.20),$7.44,4.99,,USD,Unpaid,unfulfilled,USA,Pickup,vip,"Fragile, handle with care",,
1102,2025-12-01,Elizabeth Andrews,20960,amber85@example.org,+1-594-919-3575,"4752 Olivia Island Apt. 355, East George, AS 25710",RUNNING SHOES (PRO),6.0,  USD 89.99,USD 80.99,$37.80,0.00,6.0,   ,Unpaid,cancelled,"California, US",Pickup,\tfirst-time/wholesale ,Call before delivery,1102,
#1103,2026-01-11,Taylor Garza, CUST-962,garciadaniel@example.org,+1-487-906-3715x2097,"7465 Andersen Rue
Owensview, GU 24226",Whey Protein,4,$35.00,\t$7.00,"9,80","7,50",$140.00,US$,Chargeback,fulfilled,U.S.A.,Express, vip ,"Fragile, handle with care",,
ORD1104,2021/02/19 00:00:00,Pamela Foster,N/A,gallegoscourtney at example.net,001 967 828 4112x11561,,Stainless Water Bottle,04,USD 15.50,10%,USD 4.34  ,"9,99",62.00,\tUSD  ,Partially Refunded,fulfilled,United States,  International ,backorder/vip/wholesale,,,2021/02/19 00:00:00
ORD1105,09/01/2026,Gail Marsh, CUST-686  ,samantha53@example.org, ,"PSC 1731, Box 8861
APO AP 28367",WheyProtein,10.0,,52.5,5%,4.99,350.0,,Chargeback, FULFILLED  ,U.S.A.,Local Delivery,"wholesale,first-time,gift",,ORD1105,
Order ID,Order Date,Customer Name,Customer ID,Email,Phone,Address,Product,Quantity,Unit Price,Discount,Tax  ,Shipping Cost,Total Price,Currency,Payment Status,\tFulfillment Status ,Shipping Country,Shipping Method,Order Tags,  Notes ,,
#1107,,"Hanson, Dwayne",  74265,\trsweeney@example.net ,612.981.2618x0090,"466 English Estates
West Kristifurt, TX 79927",Yoga Mat,10,(29.99),USD 0.00,\t$20.99 ,$7.50,"299,90",,Paid,cancelled,"California, US",Express,backorder,"Fragile, handle with care",,
 ORD-1108,2025-12-12,Melanie Cook,15234, charlesmartinez@example.com ,596.371.6431,"630 Lisa Trail Apt. 171
Jenniferchester, CA 39468",Wh3y Protein,5 pcs,\t35.0 ,"26,25",USD 14.00,FREE,  175.0,USD,Unpaid,cancelled,US, Express,"vip , first-time , wholesale",Leave at door, ORD-1108,2025-12-12
ORD-1109,2025-12-16,Anthony Fowler,14401,jacobsjanet at example.com,null," 87438 Michael Via Apt. 471
Lake Leslieton, GA 53167  ",US-CA,5 pcs,"  45,00  ",33.75,$13.50,9.99,,,Unpaid,unfulfilled,Dumbbell Set 20kg,Standard,,,,
01110,,Bryan Davis,CUST-953,fcarson@example.net,+1-734-802-7828,"62242 Jessica Green Suite 367
West Edward, IL 05163",Yoga Mat,4-5 ,USD 29.99,,$8.40,0,"119,96",,PAID,FULFILLED,  U.S.A. ,\tLocal Delivery,,,,
 1111 ,2026-01-08,Lisa Barber,89134  , lisa16 at example.net  ,null,"01912 Jacob Keys Suite 310
Port Christopherburgh, NJ 59021",Yoga Mat,9, 29.99,,USD 18.89,USD 4.99,"\t269,91 ",,  PAID,unfulfilled,usa,International,backorder|first-time,, 1111 ,
ORD-1112,2025-11-29,Nicholas Rodriguez,  CUST-917 ,xshaw@example.net,na,"01303 Martin Cliffs, Michaelmouth, TN 39832",Wh3y Protein,6  ,USD 35.00,$0.00,$16.80,  4.99 ,(210.00),US$,Refunded,fulfilled,United States,International,,"\tFragile, handle with care  ",,2025-11-29
 ORD-1113  ,2026-01-21,Jeffrey Miller,22818,stephaniegood@example.org,001-402-430-3990x7802,na,Stainl3ss Water Bottle,03,,USD 2.33,USD 3.72,"9,99",$46.50,EUR  , Refunded, partial ,U.S.A.,Local Delivery,"first-time , vip , backorder", Call before delivery  ,,
1114,2026/01/24 00:00:00,"West, Kimberly ",74102,adrian06@example.com,(243)905-8392,"020 Burke Row
South Cindy, PW 49679",yoga mat,8,29.99,$12.00 ,,7.50,239.92,,Partially Refunded,unfulfilled,"United States, CA",\tPickup,backorder;wholesale,"Fragile, handle with care",1114,
#1115, yesterday  ,Kaitlyn Jordan,71092,fhoffman@example.org,+1-840-873-9044x346  ,"784 James Haven Apt. 608
Hermanton, VA 47863",  Stainless Water Bottle ,7.0,15.5,5%,8.68,4.99,108.5,USD,Paid,unfulfilled,US,Standard, vip|first-time  ," Fragile, handle with care",,
 ORD1116,\t14/01/2026  ,  Alexis Olsen ,CUST-199  ,JOHNSONLAURA@EXAMPLE.ORG,(461)218-4428x0781,"PSC 8229, Box 9395
APO AA 81814",Yoga Mat,5,(29.99),5%,10%,0,USD 149.95,,paid,FULFILLED,USA,  Pickup  ,backorder,,,\t14/01/2026  
ORD1117,23/12/2025,Laura Douglas,CUST-204,jesussnyder@example.com,699.993.8200x457,"33628 Downs Turnpike
West Marc, FM 93099",Protein Whey,9 pcs,"15,50",  0.0 ,\t$9.77,$4.99,USD 139.50,,Partially Refunded,fulfilled,"United States, CA",Local Delivery,,"Fragile, handle with care",ORD1117,
01118,04/12/2025,Erika Ellis,79067,lisa53@example.net, 897360 9635  ,"50566 Goodwin Grove Apt. 531
Kellychester, MO 07185",WHEY PROTEIN,2 pcs,35.0,$3.50,$5.60,$7.50,70.0,USD,paid,partial,U S A,International,,"Fragile, handle with care",,
1119,2026-01-05,Bryan Jackson,40473,donald84@example.net,001-412-495-0194,"\tUSCGC Medina, FPO AE 52649  ",Yoga Mat,10-11,29.99,44.98,$17.99,9.99,10-11,,Chargeback,unfulfilled,"\tCalifornia, US ",  Pickup ,,Call before delivery,,
Order ID,Order Date,Customer Name,Customer ID,Email,Phone,Address,  Product  ,\tQuantity,Unit Price,Discount,Tax,Shipping Cost,Total Price,Currency,Payment Status,Fulfillment Status,Shipping Country,Shipping Method,Order Tags,Notes,Order ID,Order Date
#1121,21/01/2026,Ryan Banks,65989,wrussell at example.net,653.958.7490,"2420 Amanda Oval Apt. 139
South Williemouth, ND 99337",Dumbbell Set 20kg,03,USD 45.00,,$10.80,0,135.00,EUR,Chargeback,partial,United States of America,Local Delivery,first-time ; vip ; gift,  ,,
1122,2026-01-22,Kyle Clements,CUST-450,bjohnson@example.org,001-459-668-6208x237,"Unit 5640 Box 6446
DPO AA 02987",Running Shoes (Pro),9,89.99,80.99,$64.79,4.99,(809.91),usd,Unpaid,  cancelled  ,US,Pickup,backorder, ,,
01123,10/01/2026,Justin Park,93187,NULL,+1-319-705-2641x3074,"Unit 7442 Box 0423
DPO AA 01147",Whey Protein,10,35.0,USD 0.00  ,28.0,USD 4.99,350.0, US$  ,Chargeback,unfulfilled,"United States, CA",International,first-time ; gift,"Fragile, handle with care",01123,
 1124 ,21/12/2025,\tAngela Doyle ,CUST-421,clarkdavid at example.net,843 570 5286,"PSC 5414, Box 9501, APO AA 87238",Dumbbell Set 20Kg,9 pcs,45.0,,$28.35,$0.00,405.00,USD,Partially Refunded,  unfulfilled ,United States of America,Local Delivery,,,,21/12/2025
 1125 ,11/01/2026,"Mcbride, Christian",52353,\tenelson at example.net ,  637647 0901 ,"318 Merritt Green Apt. 063
Port Michaeltown, IA 26444",Running Shoes (Pro),7-8,89.99,94.49,\t44.1 ,4.99,$629.93,usd,Refunded,unfulfilled,United States of America,International,wholesale,,,
1126,01-03-2026 00:00,Carol Robles,CUST-810,,588-615-9136x26525,"Unit 5683 Box 2315
DPO AE 80114",Whey Protein,06,35.0,(0.00),$12.60,"  0,00",\t210.0,,Refunded,FULFILLED,"California, US",Standard,,\tCall before delivery,1126,
#1127,01-11-2026 00:00,  Brent Mcmahon ,99621,,+1-904-569-8045x88460,"6430 Rachel Plaza
Robertport, AZ 60486",Whey Protein,06,USD 35.00 ,5%,10%, 7.50  ,210.0,USD,  Partially Refunded ,FULFILLED, USA,Express,,,,
 ,2025-12-15,Seth Duncan,37709 ,,NULL,"17297 Jared Haven, North Kyle, DC 46406",Dumbbell Set 20kg,3,45.0,$0.00,,  9.99  ,USD 135.00,US$,Partially Refunded,  fulfilled  , United States ,International,backorder|vip,,,2025-12-15
ORD-1129,12/12/2025,Lance Garcia,45715,parkereric@example.org,595 695 2629x95700,"\t09914 Beth Knolls, Hoodport, MI 02159", Yoga Mat,  05,USD 29.99,"0,00", $10.50  ,7.50,USD 149.95,\tusd,PAID, unfulfilled  ,"  California, US  ",International  ,"vip,backorder","Fragile, handle with care",ORD-1129,
1130-01,2026.01.25,William Novak,50808,jessica20@example.org,378.635.6319x21281,"72567 Anna Valley
Lake Cassandra, NE 73547",Dumbbell Set 20kg,6-7,$45.00,0.0,$21.60,$9.99,(270.00),  USD  ,Unpaid,\tpartial  ,US,Pickup ,vip,,,
#1131,2025-11-28,Andrew Schneider,,  megan87@example.net ,400-678-7334x50573,"603 Wood Field
Kingburgh, AS 62649 ",Yoga Mat,3,29.99,$4.50,$6.30 ,9.99,$89.97,\tUS$,  Refunded  ,fulfilled,US,Standard,"first-time,wholesale",!!!,,
1132-01,04/12/2025,Robert Morales,97312,EVANSDAVID@EXAMPLE.NET,931-699-9069x0207,"8941 Brandi Throughway Apt. 195
Erinton, LA 85720",  Dumbbell Set 20kg ,5.0,45.0,\t0.0 ,"13,50",$0.00,5.0,EUR,PAID,fulfilled,U.S.A.,Local Delivery, vip,,1132-01,04/12/2025
\t1133-01  ,2026-01-08,"Hines, Kelly",CUST-352,kruegershane@example.com,001-665-558-1030,"56549 Johnson Garden
New Jeff, DC 16900",Yoga Mat,01 ,(29.99),1.5,,FREE,USD 29.99,US$,Paid,fulfilled,USA, International ,first-time/wholesale,Leave at door,,
ORD-1134,2026-01-17,Jeffery Garrett,,,null,"245 Butler Lane
North Jeremy, AZ 65953",Whey Protein,6 pcs,35.00,21.0,12.6,$7.50,USD 210.00,USD,\tPartially Refunded ,partial,US  ,Standard,  vip;gift ,"Fragile, handle with care",,
NULL,2025/12/27 00:00:00,Christine Yang,CUST-953,emily96@example.com,001-338-900-0793x6931  ,"290 Moody Brook
South Laura, OR 19656",Protein Whey,5-6,15.50 ,"11,62",USD 6.20,USD 9.99,77.5,,paid,partial ,"California, US",\tExpress  ,first-time,,NULL,
01136,01-15-2026 00:00,Richard Sandoval,CUST-281,heatherturner@example.net,,"59976 Brandt Mount
Charlotteville, MS 52987",running shoes (pro),8,89.99,USD 36.00,, USD 4.99  ,  719.92  ,US$,\tpaid, FULFILLED,usa,Standard,first-time;vip;gift,"Fragile, handle with care",,01-15-2026 00:00
  1137-01 ,2025-12-16,Tyler Nash,CUST-695,  pschwartz@example.com  ,337-933-3463x99439,"1219 Spencer Knoll
South Jennabury, NH 53318",Running Shoes (Pro),\t06,  USD 89.99 ,(80.99),(37.80),,$539.94,,paid,fulfilled,"\tUnited States, CA",International,,"\tFragile, handle with care ",,
Order ID,Order Date,Customer Name,Customer ID,Email,Phone,Address,Product,Quantity, Unit Price  ,Discount,Tax,  Shipping Cost  ,Total Price,Currency,Payment Status,Fulfillment Status,Shipping Country,Shipping Method,Order Tags,Notes,Order ID,
1139-01,,Bethany Jones,CUST-657,,332913 7391,"723 Robert Crossing
Melissaville, HI 27317",Yoga Mat,5-6,"  29,99  ",7.50,12.0  ,  4.99  ,149.95,EUR,Chargeback,partial,"California, US",International,gift;first-time;wholesale,"Fragile, handle with care",,
ORD-1140,24/12/2025,"\tHayes, Steven",21459,arnoldmary at example.net,,"173 Stevens Way, South Colleen, FM 47468",Runner Shoes Pro,9-10,"45,00",20.25,32.4,9.99, 9-10  ,USD,Refunded,partial,"  United States, CA",Standard,wholesale,,,24/12/2025
#1141,19/02/2021,Alexis Gomez,54857,rosebenjamin@example.com,505-869-4378,"Unit 9248 Box 4817
DPO AE 05802",Running Sho3s (Pro),04,$89.99,"18,00",(28.80),(7.50),USD 359.96,,paid,cancelled,United States of America,International,,Call before delivery,#1141,
  1142 ,2025-12-15,Christopher Paul,,\tHOUSTONBEVERLY@EXAMPLE.COM,897.847.4832,"USNV Hernandez
FPO AA 50321", Stainless Water Bottle,9,$15.50,10%,"11,16","9,99",(139.50),US$,PAID,cancelled,US-CA,Pickup,vip;gift;wholesale,!!!,,
1143,2025-12-04,Martin Yu,80193,jessethomas@example.org,+1 405 421 1814x460,"92540 Johnson Port Apt. 346
Edwardsbury, OH 16425",Stainless Water Bottle,2,15.50,0.0,$1.86,USD 0.00,\t(31.00)  ,usd,\tpaid,unfulfilled,"California, US",Standard,,  Call before delivery ,,
01144,2025-12-10,Kim Alexander,CUST-595,yjones@example.com,null,"8352 Selena Manors, Lake Lisa, RI 85554", US-CA  , 10  ,,$15.50,$10.85,USD 0.00,155.00,EUR,paid,unfulfilled,Yoga Matt,International,first-time|gift|backorder,\tCall before delivery,01144,2025-12-10
1145,23/01/2026 ,\tDavid Wells ,46188,steven30 at example.net,NULL,"65170 Brown Falls, East Christopherland, WV 33407",Stainless Water Bottle,09,15.50,6.98,USD 9.77,7.50,,EUR, Refunded,partial,"United States, CA",\tPickup ,gift,"Fragile, handle with care",,
01146,  01-09-2026 00:00  , Sarah Smith  , 47973  ,scott17@example.net,947.372.9581x00769,"36844 Ashley Club Suite 994
Morganmouth, MD 57851",\tYoga Mat ,7.0, 29.99 ,10.5,$12.60, 9.99 ,USD 209.93,,paid, cancelled  ,"United States, CA",International,,,,
1147,2026-01-11,"Edwards, William",CUST-267,sylvia66@example.org ,(587)673-9787,"10171 David Locks Suite 359
Millerstad, AL 43213",Protein Whey,10,$29.99,44.98,  USD 17.99 ,0,"299,90",USD,Chargeback, cancelled  ,U.S.A.  ,Local Delivery,\tfirst-time,Call before delivery,1147,
01148,2025-12-18,Amber Pearson,\t63452,,\t450.330.9370x9471, ,StainlessWaterBottle,7, 15.5  ,USD 0.00, $7.60 , 0 ,108.5 ,,Refunded, fulfilled,"United States, CA",International,gift;first-time ,,,2025-12-18
ORD1149,\t2025-12-20  ,Kevin Miles,83172,mooneyjerry@example.net,NULL,na,Yoga Mat,8-9,,  (12.00)  , 19.19,9.99,USD 239.92  ,EUR,Chargeback  ,fulfilled,U S A,Express,,,,
ORD1150,2026/01/22 00:00:00,Sean Thomas,CUST-740,DEBORAH81@EXAMPLE.ORG,561.551.4792x60779,"3823 Simon Coves
Jimfurt NC 11172",Yoga Mat,8-9,$29.99,USD 23.99,5%,$4.99,239.92,,Chargeback,fulfilled,US-CA,  Pickup,,,ORD1150,
ORD-1151,2026/01/20 00:00:00,\tDennis Nelson  ,CUST-473,KEVERETT@EXAMPLE.ORG,NULL,"129 Lindsey Points Apt. 352
Amandamouth TX 91180",Runner Shoes Pro, 6.0 ,$35.00,10.5,USD 12.60,0,210.0  ,   ,Chargeback,FULFILLED,US-CA,Express,vip/gift/first-time,Leave at door,,
01152,  04/12/2025  ,Mackenzie Johnson,CUST-655,jacobsoto at example.org,(785)671-5500x865,"  6948 Mata Brooks Suite 569
New Kelseyfort, ID 10773",Yoga Mat,10.0,29.99,  29.99  ,USD 23.99,  7.5  ,, ,\tPaid  ,fulfilled,U.S.A.,Pickup,\twholesale ; first-time ; vip  ,"Fragile, handle with care",,  04/12/2025  
1153-01,11/12/2025,"Miller, John",\tCUST-632, crystalsmith@example.org,+1 233 930 3231x1236,"72490 Smith Estates Suite 089
Lake Ernest, AZ 87137",  running shoes (pro) ,03,89.99,5%, 10%,"0,00",(269.97),EUR,Paid,fulfilled,US-CA,Standard,,Call before delivery,1153-01,
ORD-1154,2026/01/18 00:00:00,Mark Ramirez,85121,romanashlee@example.net,743.258.7435," 7320 Fields Springs Apt. 283
Kimberlyview, NE 15873 ",Whey Protein,5.0,35.0,15%,12.25,7.5, $175.00 ,EUR,\tpaid  ,\tfulfilled,United States,International,,Leave at door,,
Order ID,Order Date,Customer Name,Customer ID,Email,Phone,Address,Product,Quantity,Unit Price,Discount,Tax,Shipping Cost, Total Price  ,Currency,Payment Status,Fulfillment Status, Shipping Country,Shipping Method,  Order Tags  ,Notes,,
1156,2025/12/25 00:00:00,  Angela Marshall,33438,matthewsellers@example.net  ,7254486494,"46553 Mikayla Pine
North Michael, VA 12886",Stainless Water Bottle,8.0,(15.50),\t$0.00,(9.92), $9.99  ,124.0,USD,Unpaid,partial,"\tCalifornia, US  ",International,wholesale,Leave at door,1156,2025/12/25 00:00:00
ORD1157,2025-12-14,Ashley Parker,NULL,megan22@example.com,\t001-662-521-8645x27212,"1867 Kramer Mountains Suite 437, Mariestad, MN 24481",StainlessWaterBottle,06,$15.50,  15% ,6.51,USD 9.99  ,06,usd,\tChargeback,\tfulfilled,United States,Local Delivery,"backorder , vip",,,
#1158, yesterday,Henry Middleton,CUST-982,ejimenez@example.com,+1-743-595-8482x6510,"\t066 Dwayne Rapid, West Lindaland, SD 74556  ",Protein Whey,8,35.0,28.00,USD 19.60,$0.00,$280.00,   ,Chargeback,cancelled,US-CA,\tStandard  ,,,,
\tORD-1159  ,2025-12-26,David Smith,  CUST-698,kimberly14@example.org,\t001-226-406-2542x8323  ,"37444 Todd Center Apt. 368, South Jasmineside, MO 33430",RUNNING SHOES (PRO),  10,89.99,,$71.99,4.99,\tUSD 899.90 ,US$,Paid,cancelled,"California, US", Standard ,"gift,wholesale",,\tORD-1159  ,
#1160,12-11-2025 00:00,Carolyn Anderson MD,CUST-340,gardnermichael@example.net,901.260.2557,"9807 Brian Garden
South Adamfort, KS 90493", Dumbbell Set 20kg ,7 pcs,$45.00,$15.75,22.05,4.99,315.0,usd,PAID,fulfilled,"United States, CA", International,vip/first-time/gift,,,12-11-2025 00:00
01161,,Gregory Cox ,  CUST-606  ,robertfrazier@example.net,001 209 392 0633x74493,,Whey Protein,6,$35.00,0.0,20%,USD 0.00,  $210.00  ,US$,Unpaid,fulfilled,US-CA,Express,"first-time,vip,gift",Leave at door,,
 1162 ,02/01/2026,Andrea Palmer,50209  ,kleinscott@example.net,001-768-396-1498x74010,"75351 Tran Run
Lake Briannamouth, PW 82535",USA,10.0,$89.99,$134.98,53.99,4.99,899.9,US$,Refunded,partial,Running Shoes (Pro),Pickup,backorder ; wholesale,!!!, 1162 ,
#1163,2025/12/21 00:00:00,Emily Thomas,33714,YOUNGPAUL@EXAMPLE.COM,+1-483-843-2792x1283,"6685 Dalton Way
West Eric, LA 70675",Stainless Water Bottle,7.0,15.50,USD 16.27,\tUSD 6.51  ,4.99,"108,50",EUR,Partially Refunded,partial,United States of America,Express,vip,  ,,
1164-01,2026-01-06,Howard Gonzalez,, lisa68@example.net  , (581)229-9726x4832,"221 Hall Mill, Davidville, WV 50886",WHEY PROTEIN,06,(35.00)  ,USD 31.50,"14,70","4,99",USD 210.00,EUR,Partially Refunded, FULFILLED, U S A,Local Delivery,backorder,Call before delivery,,2026-01-06
01165,  29/11/2025,Julie Allen,40670, walterday@example.net ,+1-994-698-3300x70554,"4108 Vazquez Mill Apt. 906
Matthewmouth, MA 51761",Running Shoes (Pro),1 pcs,"89,99",5%,USD 7.20,$9.99,89.99,,Partially Refunded,unfulfilled,  USA ,Express,first-time;wholesale ,,01165,
ORD-1166,  2025-12-05,Crystal Mack,CUST-595,user at mail.com,  711-555-8911 ,"\t10620 Austin Camp, Johnchester, MS 06327",Yoga Mat,1 pcs,29.99,$1.50,  USD 2.40,4.99,"29,99",US$,  PAID ,partial,U.S.A., International ,"  backorder , wholesale , first-time","Fragile, handle with care",,
 1167 ,2026-01-18,Colleen Vargas,75724,user at mail.com,na,"  5670 Anita Parks Apt. 135
Amandafort, PA 81807 ",Running Shoes (Pro),5,,45.0,  27.0  ,,5,,Chargeback,unfulfilled,"United States, CA",Standard,,Call before delivery,,
  ORD1168  ,26/12/2025,Jason Miller, ,nfrank@example.net,347.611.6279,"41116 Diaz Spring Suite 389, East Isaac, DC 17401",Running Shoes (Pro),03,  $89.99  ,$13.50,(18.90),0,,EUR,Refunded,unfulfilled,U S A,\tPickup ,wholesale,Call before delivery,  ORD1168  ,26/12/2025
 1169 ,17/12/2025,"Brown, Edward",\tCUST-905 ,martineznancy@example.org,(541)955-6738x15775,"28911 Destiny Hills
North Joyce, MH 46158",\tWhey Protein,\t9 ,$35.00,15%,25.20,FREE,"315,00",,Chargeback,fulfilled,United States,Pickup,,!!!,,
ORD1170, 20/12/2025, Kevin Kennedy  , 61164  ,\thernandezrobert@example.net  ,+1-855-822-4203x281,,\tDumbbell Set 20kg ,  9 pcs,  45.0 , 60.75,24.3,"9,99",USD 405.00,USD,Paid,FULFILLED,US-CA,Local Delivery,wholesale ; vip ; gift,,,
 1171,01-11-2026 00:00,Kevin Klein,CUST-855,arnoldpaul@example.net,001-342-384-2792x4565,"4976 Castillo Corners
West Eileen, MA 51506",Dumbbell Set 20kg,07,45.0, $47.25,,$0.00, $315.00,,Refunded,unfulfilled,US-CA,International,backorder, , 1171,
1172,\tN/A,Elizabeth Mckee,83736,MEAGAN00@EXAMPLE.NET,(516)450-6597x00245,"4584 Kennedy Forges
Gainesfort, NJ 05536",  STAINLESS WATER BOTTLE, 08 ,"15,50",,9.92,$0.00,124.0,US$,Paid,fulfilled,"United States, CA", International ,backorder,,,\tN/A
1173,30/11/2025 ,Tammy Peterson,null,unknown@,+1-667-794-7149x169,"634 Curtis Falls Apt. 448, New Gabrieltown, HI 22598",Yoga Mat, 4-5  ,29.99,\t10% ,USD 8.40,$7.50,\t(119.96) ,usd,Refunded,cancelled,"California, US",\tLocal Delivery,,,,
01174,2025-12-10,\tElaine Schmidt ,CUST-897, pricestephen@example.com  ,+1-354-272-5727x9496,"448 Grant Plains
Curtisburgh, UT 67015",\tYoga Mat  ,3.0,29.99,10%,"5,40",  FREE  ,USD 89.97,  USD,PAID,cancelled,"United States, CA",Pickup ,,,01174,
ORD1175,2025-12-15,"\tGarcia, Tina  ",CUST-607,vdonaldson@example.com,519-317-0431x59140,"7241 Douglas Bridge
Escobarshire SC 66840",dumbbell set 20kg,  1,45.00,"4,50","2,70",  (9.99)  ,45.00,EUR,Partially Refunded ,partial ,"United States, CA",International,"  vip,gift  ",,,
ORD1176,01-11-2026 00:00,Tammy Burgess,CUST-251,,001-747-776-5800x9795," 298 Brittany River Apt. 084
Millerton, AK 31599",Whey Protein,2,35.00,$3.50,"\t5,60 ",7.5,\t70.0 ,,PAID,FULFILLED,"\tUnited States, CA ",International,"backorder , wholesale , first-time",  ,,01-11-2026 00:00
01177,2025.12.18,Nicolas Griffin,null,NULL,603-938-8609,"796 Laura Walk, Harperberg, MT 08629",Dumbbell Set 20kg,1,45.0,"2,25",,\tFREE,"45,00",EUR,Paid,unfulfilled,USA,Pickup,,,01177,
1178-01,2025-12-09,Tracy Ford,39026,ejohnson@example.com,487.978.7307,"3847 York Burg
East Brandonville, PW 42245", Yoga Mat,5-6,29.99,22.49,USD 10.50,7.5,149.95,usd,\tUnpaid  ,partial,\tUS,Standard,wholesale ; vip ; gift,  ,,
1179-01,06/01/2026,Rebecca Clarke,\tCUST-439,RUIZBRYAN@EXAMPLE.COM,8817411846,"856 Shaw Glens Apt. 118
Morrisberg ND 30235",running shoes (pro),3,USD 89.99,0.00,,9.99,3,usd,  Paid,FULFILLED,US-CA,International,gift;wholesale;first-time,Leave at door,,
1180,16/01/2026,"Henderson, Patricia",  CUST-259 ,patriciamarsh@example.net,  (938)797-7138x1076 ,"55532 Pamela Expressway
Lake Stephanie OK 94692",RUNNING SHOES (PRO),6,(89.99),"\t27,00  ",USD 43.20,4.99,539.9399999999999,usd,paid,unfulfilled,US-CA,Express,vip,"  Fragile, handle with care",1180,16/01/2026
ORD1181,12-03-2025 00:00 ,Michael Fields,19171, mcdanielmichael@example.org ,294-697-6234,"035 Chloe Square Apt. 038
North Tyronechester, KS 90173",yoga mat,09,(29.99),(0.00),16.19,"4,99",269.91,\t  ,PAID,unfulfilled,U S A,Local Delivery,first-time/wholesale/backorder,"Fragile, handle with care",,
\t1182-01,2025.12.20,Jennifer Rhodes,CUST-233, doughertymadison at example.com  ,283 619 4062x474,"989 Nunez Throughway Apt. 068, Padillaland, MD 88678",Dumbbell Set 20kg,02,USD 45.00,$4.50,6.30,USD 0.00,(90.00),US$,Chargeback,FULFILLED,USA,Pickup,,Leave at door,,
1183 ,13/01/2026,"  Adams, Juan  ",19789,NGUERRA@EXAMPLE.NET,323-226-7485,"10751 Jake Ridge
New Victoriashire, MS 56271",DUMBBELL SET 20KG ,8,(45.00),\t$0.00, USD 25.20,7.50,"360,00",USD,Paid,cancelled,\tU S A ,Local Delivery ,"wholesale,vip,backorder",,1183 ,
#1184,2025.12.26,Ryan Hall,  15144  , ynguyen@example.com  , na  ,"2469 Jose Island
Ramoshaven, ME 73195",Stainless Water Bottle,1-2,(15.50),\t5% ,20%,$9.99," 15,50  ",,Paid,FULFILLED,United States, Standard,,,,2025.12.26
ORD1185,01/01/2027,Charles Johnson,CUST-350,anthony84 at example.org,826.259.5307x331,"02840 Charles Avenue Apt. 162
Lake Aprilborough, IL 18666",Stainless Water Bottle,4 pcs,$15.50,15%,$3.72,$4.99,62.0,USD,PAID,  FULFILLED ,US,International,"vip , gift , backorder",!!!,,
,  2026-01-26  ,"Singleton, Tony",27886,nancymedina@example.net,857-857-5930x0937,"031 Teresa Meadows Suite 806
South Christopher, DC 19245", RunningShoes(Pro),09,89.99 ,\t40.5,USD 48.59,7.5,"809,91",,Unpaid,unfulfilled,U S A,Standard,  wholesale|first-time ,,,
 1187 ,2026-01-07,Andrea Drake,N/A,taylorrobert@example.net,+1-857-265-3356x54480,"62754 Reed Spring Apt. 684, East Alicia, OR 53304",Bottle Steel,6,(35.00)  ,  $0.00,,4.99,210.00,\t  , Chargeback, cancelled ,US-CA,Standard, gift  ,"Fragile, handle with care",,
01188,01/01/2026,"Smith, Daniel",CUST-650,jennifervillanueva@example.com,726-853-7010,"08629 Michael Mission, North Phyllistown, DC 41025",dumbbell set 20kg,8,USD 45.00,"0,00",20%,USD 4.99,\t8,, Partially Refunded ,\tpartial ,"United States, CA", International,"gift,first-time",Call before delivery,,01/01/2026
1189,2026/01/03 00:00:00,Teresa May,81975,usmith@example.org,+1-257-350-5314x596,"9462 Douglas Viaduct
West Christopherland MT 34553", Yoga Mat  ,4-5,"\t29,99  ",6.00,9.60,9.99,119.96,,Chargeback,FULFILLED,US,Pickup,"\twholesale,first-time,vip  ","Fragile, handle with care",1189,
 1190 ,05/12/2025,\tKristin Hodge , 51328  ,hardymichelle@example.net,001-352-222-6195x0009,"30976 Gina Drive, Lake Samuel, NJ 39618",Whey Protein,1.0,35.0,$3.50,"2,10",$0.00,35.0,,PAID,unfulfilled,U S A,Local Delivery ,backorder,"  Fragile, handle with care  ",,
  1191 , 2025-11-28  ,Jessica Sanchez,CUST-710,acostacatherine@example.net,481-764-3497x851,"3039 Michael Groves Suite 142
Garciabury, TN 88075",Whey Protein,2.0,35.0,10.5,5.60,$0.00,USD 70.00,\tUSD,Partially Refunded,cancelled,"  California, US ",Express,,"Fragile, handle with care",,
01192,2025/12/26 00:00:00," Simon, Cody ",CUST-416, , 001-368-964-2939x46862  ,"9070 Sean Brooks
Trevinoside, DE 88288",Dumbb3ll Set 20kg,1 pcs,45.00,  4.5,3.6,USD 0.00,45.0,  usd ,PAID,FULFILLED,"United States, CA",Pickup,vip,!!!,01192,2025/12/26 00:00:00
 01193  ,01-04-2026 00:00,Derrick Lee,CUST-836,oarmstrong@example.net,001-286-488-8395x415,"993 Benjamin Village
Mooreville, VA 24249",Dumbb3ll Set 20kg,8-9, 45.00,0.0,21.6,$4.99,$360.00,US$, paid ,fulfilled,US-CA, International ,wholesale,,,
#1194,2026-01-11,\tBill Young,59693,awilliams at example.com,5797071996," 3028 Tina Motorway, Hernandezton, MO 97158 ",Running Shoes (Pro),03,\t89.99 ,40.50,21.60 ,4.99,"269,97 ",EUR,Partially Refunded,fulfilled,US,Standard,vip,!!!  ,,
ORD1195,2025/12/23 00:00:00,Timothy Martin,  null,rjames@example.net,758-476-0190x3578,"USNV Fuentes
FPO AP 55349",Yoga Mat,8.0,29.99,"12,00","14,40",FREE,239.92,US$,Unpaid, unfulfilled,  United States of America  ,Pickup,,,ORD1195,
ORD1196,2025-12-28,  Dana Burns  ,72090,chenlindsey@example.net,+1-732-640-7392x0425,"PSC 2378 Box 4235
APO AP 13353",\tYogaMat  ,01,  29.99 ,0.00,USD 2.10,  $7.50 ,$29.99,\t ,Paid,partial,US,Pickup,,"Fragile, handle with care  ",,2025-12-28
01197,01-04-2026 00:00,"DVM, Victoria Diaz",87828,andersonsteve@example.com,  (886)257-9102  ,"982 Wells Lodge Apt. 395
West Brittany, NM 07995",StainlessWaterBottle,07,,16.27,,7.5,$108.50,EUR, paid  ,partial,U S A,Local Delivery,vip;wholesale,!!!,,
#1198,2026.01.10,Christopher Stone,NULL,user at mail.com,(874)710-7786,"7029 Holloway Haven Suite 802
East Jasonview, MH 26445",Stainless Water Bottle,6.0 ,"15,50",,6.51,$0.00,93.0,usd,\tPartially Refunded,unfulfilled,United States of America,Local Delivery,  ,Leave at door,#1198,
1199-01,02/01/2021,Vernon Lopez,57310,rmontoya@example.org,414.582.3158x70014,"7055 Vargas Rapid
Smithview, PR 64897",Yoga Mat,8-9,"29,99",23.99,20%,"9,99  ",USD 239.92,   ,Unpaid,partial,"California, US",Standard,  gift;vip;wholesale ,Call before delivery,,
1200,N/A,Reginald Bowen,CUST-209,donald22@example.org,541-679-4721x75033,,Yoga Mat,05,29.99,$14.99,\t9.0,4.99,"149,95",US$,Partially Refunded,partial,usa,Local Delivery," backorder , gift  ","Fragile, handle with care",,N/A
01201,02/01/2026,"Lara, Jennifer",19072,,472.454.6340  ,"16532 Linda Underpass Apt. 640, Karentown, IL 22551",Whey Protein,5-6 ,\t35.0  ,\t8.75 ,10.5,FREE,175.00  , EUR,PAID,partial,\tusa  ,Standard,, Call before delivery ,01201,
  01202 ,12/12/2025,Kevin Tate,null,meghan07@example.net,001-323-831-1987x8753,"8353 Wright Ports
Port Dustinton, CA 14131",Whey Protein,01 ,,5.25 ,"2,80","4,99",35.0,,Partially Refunded,FULFILLED,USA,  Express  ,vip,"Fragile, handle with care",,
#1203,12/01/2026,Jeanette Marshall,64763,  bstephens@example.org ,977.620.5061x21003,"973 Tanya Landing, West Tiffany, MT 99452",Yoga Mat,1-2,"29,99",$1.50,2.40,\t0 ,\t29.99,EUR,paid,FULFILLED,U S A,Standard,first-time/gift/vip,!!!,,
ORD1204,  today ,Jason Coleman,CUST-609,melissa86@example.com,   ,"2325 Alyssa Hollow
Port Antonio, NJ 31130",Dumbbell Set 20kg,3,"45,00","6,75",  USD 8.10 ,  FREE,135.0 ,USD,Paid,  FULFILLED,"California, US", Local Delivery,,"Fragile, handle with care",ORD1204,  today 
01205,12-26-2025 00:00,Rachel Brown,31929,kellyjoseph@example.org,na,"7750 Briana Estates Apt. 546, New Pedrofurt, TN 54267",Stainless Water Bottle,1.0,$15.50,0.78,\t15%  ,FREE,15.5,,Chargeback, cancelled  ,  United States  ,Local Delivery,backorder,  Call before delivery  ,,
ORD1206,27/12/2025 ,,20482,xwilliams@example.net,  375-680-5077 , ,Yoga Mat,4,29.99,$0.00,"8,40",$0.00,USD 119.96,EUR,Chargeback,unfulfilled,USA,Standard,first-time,"Fragile, handle with care",,
1207-01,2025/12/08 00:00:00,Shelly Kelly,  CUST-180  ,  pattondeborah@example.net  ,\t429.760.5328x1380,"  USNV Camacho, FPO AE 57678 ",YogaMat,8,29.99,23.99,20%,9.99,239.92,US$,Chargeback, FULFILLED,US-CA ,Express,gift/vip/backorder,,1207-01,
 1208 ,2025-12-14,Jennifer Fox,81843,UJACOBSON@EXAMPLE.ORG,958-818-9427,29720 Hernandez Groves New Logan MA 54522,Running Shoes (Pro),2,,\t0.00,USD 12.60,\t9.99,179.98,,Chargeback,  partial,United States,International,backorder|gift,Call before delivery,,2025-12-14
ORD1209,unknown,Kristine Brown,CUST-505,ojames@example.org,+1-422-399-9236x11234,"34652 Lee Tunnel Suite 222
South Isaacburgh, MD 85495",Dumbbell Set 20Kg,  6,45.0,(0.00),10%,$4.99,"270,00",usd,Unpaid,FULFILLED,USA,Local Delivery,, !!!,,
01210,14/01/2026,Robert Mcintyre,CUST-215, unknown@  ,+16598905364,"21743 Davis Roads, Martinezfurt, NV 66706",Dumbbell Set 20kg,7,,  $31.50  ,18.9,9.99, 7,\tEUR ,Unpaid  ,FULFILLED,US,Local Delivery,"wholesale,first-time,vip",,01210,
1211,01-23-2026 00:00,\tPaula Martin ,35067,-,(411)492-2088,"20573 Boyd Harbors
West Johnfurt, MN 87626",Whey Protein,2 pcs,35.0,7.0,"4,90",4.99,USD 70.00,US$,PAID,cancelled,United States of America,Express,first-time ,Leave at door,,
01212,27/12/2025,Brian Butler,CUST-851,michael52@example.com,552-681-8248,N/A  ,\tYoga Mat ,9-10,$29.99,0.0, $16.19 ,$7.50,269.90999999999997,,Chargeback,cancelled,"California, US",Standard,,!!!,,27/12/2025
#1213,24/12/2025,Tina Evans,57988,robertdaniels@example.org,001-341-255-4183,"169 Stewart Ridges
Serranoshire, NY 73935",Running Shoes (Pro),4 pcs,89.99,15%,,9.99,359.96,USD,PAID ,cancelled,United States of America,Standard,"backorder,vip",Call before delivery,#1213,
#1214,2026-01-10,James Williams,CUST-282,mooreadam@example.org,358261 5960,-,Yoga Mat,3-4,29.99 ,\tUSD 13.50 ,$6.30,FREE,"89,97",\tusd  ,PAID,FULFILLED, US ,Standard, gift/backorder ,"Fragile, handle with care",,
#1215,01-11-2026 00:00,Daniel Price,  89495,mikayla64@example.com,  421.204.3198x012,"039 Browning Road
Port Paula, NV 72471",U S A,2 ,"45,00",  USD 9.00,$6.30,FREE,90.0,EUR,Chargeback,fulfilled,dumbbell set 20kg,\tExpress  ,  ,Leave at door,,
  1216 ,,Michelle Fleming,CUST-616,,822-368-6193x49686,"88130 Howell Wall
South Devin, MD 62063",Yoga Mat,7-8,29.99,USD 20.99,,(9.99) ,USD 209.93,,Paid, FULFILLED  ,usa,Standard,  backorder;first-time,   ,  1216 ,
 1217 ,18/12/2025,Michael Lawson,92060, martinezrussell@example.org,783907 5200  ,na,Stainless Water Bottle,5 pcs,15.50,11.62,"6,20",$0.00,(77.50), usd,Partially Refunded,cancelled,US-CA,\tInternational ,,,,
1218,01-26-2026 00:00,Jacob Castaneda,\tCUST-340  ,kimberlymartin@example.com,na,"59573 Wells Divide
Smithmouth MT 45873",Yoga Mat,  07  ,USD 29.99,"20,99",16.79,USD 4.99,$209.93,USD,Paid,unfulfilled,\tU.S.A. ,Express  ,backorder/vip,,,
ORD1219,01-11-2026 00:00 ," Diaz, Shannon ",65888,qgomez at example.com, -  ,"4812 Michael Run Apt. 852
Lake Anthony, AL 08049",\tWhey Protein ,9,35.0,  (47.25),$18.90,0,  315.0 ,\t,Paid,fulfilled,"California, US",Express,  gift;backorder;vip ,,ORD1219,
Order ID,\tOrder Date  ,Customer Name,Customer ID,Email,Phone, Address,Product,\tQuantity, Unit Price,Discount,Tax,Shipping Cost,Total Price,Currency,Payment Status,Fulfillment Status,  Shipping Country,Shipping Method,Order Tags,Notes,,\tOrder Date  
 1221  ,2026-01-16,Justin Curtis,73422,jennifer77@example.org,+1-606-704-2653,"PSC 8774, Box 0158
APO AE 97910",Stainless Water Bottle,\t1.0,15.5,0.00,10%,USD 0.00 ,USD 15.50,,\tPaid ,\tpartial  ,USA,Standard,backorder ; wholesale ; gift,Call before delivery,,
ORD-1222  ,,Brittany Carter,\t74926,dbridges@example.org,875-339-4466,"47309 Jill Junction
West Alexander, GU 95038",Running Shoes (Pro),06,89.99,53.99,37.8, USD 9.99  ,539.9399999999999,USD,Paid,fulfilled,USA,Express,vip ,Leave at door,ORD-1222  ,
1223,30/11/2025,"Mills, David",62547,JASONATKINS@EXAMPLE.COM,,"474 Alison Vista Apt. 657
Lake Nathan, VI 14655",Running Shoes (Pro),5 pcs,$89.99,"0,00  ",USD 27.00,9.99,449.95,,  PAID  ,fulfilled,U.S.A.,\tPickup ,"gift,first-time,backorder","Fragile, handle with care",,
1224-01,2025-12-21,Cynthia Johnson,-,murphyashley@example.org,570.237.5590x249,"314 Tina Parkway
Ruizville, FL 77534",Running Shoes (Pro),3-4,89.99,40.5,16.20  ,9.99,$269.97,USD,Partially Refunded,FULFILLED," California, US",Pickup,"first-time,wholesale",Leave at door,,2025-12-21
   1225   ,N/A,Russell Lloyd,CUST-321,rmack@example.org,4533984412,"1471 William Locks Suite 068
Stevestad, WI 22632",DUMBBELL SET 20KG,  10.0,$45.00,$67.50,,\tUSD 4.99 , USD 450.00,EUR,Chargeback, fulfilled ,"United States, CA",\tStandard ,,Call before delivery,   1225   ,
1226-01,2025.12.17,"Matthews, Jesse",CUST-286,null,+1-832-489-4437x3184,"352 Powell Fords
Kimberlyfort, PR 82886", Stainless Water Bottle  ,7-8,(15.50),0.0,6.51,"0,00",108.5,EUR,Refunded,cancelled,"United States, CA",International,gift;vip,,,
ORD1227,, Lisa Moreno  ,\t-  , bruce43 at example.org ,409.681.0086x725,"511 Kenneth Heights, South Traci, NC 28603",Wh3y Protein,4,"35,00 ",14.0,  USD 9.80,\tFREE ,  140.0,USD,Partially Refunded,unfulfilled,USA,Local Delivery,backorder|first-time|gift,Leave at door,,
ORD1228,,Leah Young,34974,thomaskathleen@example.com,910.258.7704x085,"720 Zimmerman Fords Suite 599
Brownshire, OK 82762",Dumbbell Set 20kg,5 pcs,"45,00",33.75,13.50,USD 7.50,\tUSD 225.00,,  Unpaid  ,partial,USA,Standard,vip/wholesale,Leave at door,ORD1228,
ORD1229, 12-11-2025 00:00,Jerry Fernandez,19756,N/A ,228725 9561x2755 ,"693 Hernandez Dale, West Veronica, MH 78399",Stainless Water Bottle,6.0,USD 15.50,9.30, 5.58  ,7.50,93.0,EUR,Partially Refunded,partial,U.S.A.,Express,first-time/wholesale/backorder,Leave at door,,
 1230 , 2025/12/20 00:00:00  ,\tCourtney Owens,84698,iwiley@example.org,763 527 7654x9776,"2484 Bird Orchard
Lopezport, UT 29792",\tYogaMat,5 pcs,(29.99),22.49,15%,7.50  ,149.95,USD,Refunded,FULFILLED,United States of America,Pickup,backorder  ,,,
 1231 ,2025-12-31,\tRobert Chavez  ,CUST-195,danielle68@example.net,882.576.4420,"704 Wilson Camp
Bryanview, MO 21481",YogaMat,4 pcs,29.99, $6.00 ,8.4,FREE,4 pcs,USD,PAID,cancelled,\tUS-CA,Local Delivery,vip,"\tFragile, handle with care", 1231 ,
01232,2026/01/03 00:00:00 ,Wayne Jones,CUST-846,unknown@,NULL,"848 Steven Shoal
West James, AS 35837  ",Whey Protein,1,35.0,$3.50,2.45,FREE,35.0,usd,Unpaid,unfulfilled,U.S.A.,Standard, first-time,"Fragile, handle with care",,2026/01/03 00:00:00 
01233,2025-12-01,Andre Jones,CUST-120,ibrown@example.org,001-715-833-6118,,running shoes (pro),10.0,89.99,$0.00,71.99,$4.99,899.9,usd,paid,cancelled,US,Standard,,!!!,,
ORD-1234,2025-12-06,Mike Scott,CUST-886,,864.367.4242x688,-,YogaMat,2,29.99,\t$6.00,$4.80,,59.98,EUR,paid,cancelled,United States of America,Standard,vip,!!!,ORD-1234,
 1235 ,2025-12-06,Bailey Esparza,64822,james16@example.net,942-663-2350x175,NULL,dumbbell set 20kg,10 pcs,"45,00",45.0,27.0,  FREE  ,450.0,,Chargeback,cancelled,United States of America,Pickup,backorder ; wholesale,,,
ORD1236,2026/01/02 00:00:00,Alexandra Calderon,na,unknown@,541445 9692x2023,"0259 Sandoval Viaduct
Alexandrastad, MH 29856 ",Running Shoes (Pro),8,"89,99",USD 36.00,50.39,USD 9.99,$719.92,EUR,Chargeback,partial,United States of America,International,backorder|wholesale,,,2026/01/02 00:00:00
01237,02/01/2026,Daniel Nelson,36936,nathan06@example.org,2503965622,"524 Lee Row, Sparksfurt, VT 57696",Dumbbell Set 20kg,\t10,\t$45.00  ,45.00,15%,"0,00",(450.00),,Refunded,FULFILLED,US,International,"vip , wholesale , gift",,01237,
01238,  12-01-2025 00:00  ,Julie Barnes,CUST-148,LISA18@EXAMPLE.ORG,,"\t27910 Serrano Meadows
East Douglasburgh, NM 19588  ",DUMBBELL SET 20KG  ,10,45.0,45.0,$31.50,9.99,450.0,, Refunded,cancelled,\tUnited States ,Standard,"first-time,vip,backorder","Fragile, handle with care",,
1239,2026-01-11,"MD, Brian Taylor",63627,ruizdiane@example.net,(307)370-8916,null,Stainless Water Bottle,4 pcs,USD 15.50,(6.20),$4.34,\t$4.99 ,62.0,,  Unpaid,unfulfilled,USA,Pickup,backorder;gift,,,
   1240   ,12-15-2025 00:00,"Reynolds, Darlene",CUST-246,anthonyashley@example.org,890536 0673x911,"201 Jared Walk Suite 264
Christopherstad, OH 71045",Stainless Water Bottle,  7 ,$15.50,15%,(8.68),FREE,USD 108.50,,PAID,  cancelled  , US-CA  ,Local Delivery,backorder,!!!,   1240   ,12-15-2025 00:00
 1241 ,2026-01-04,Stephanie Young,24030,  thomasjohn@example.com ,485-234-6191x836,"3966 Jo Turnpike
Josefurt, DE 14827",Stainless Water Bottle,\t7.0 ,$15.50,0.0,$6.51,9.99,108.5,EUR,PAID,\tfulfilled ,usa,Pickup,first-time,,,
01242,18/01/2026,-,,KELLYHENDERSON@EXAMPLE.COM,663.700.0057x801,-,Stainless Water Bottle,1,USD 15.50,0.78,0.93,4.99,$15.50,,  Chargeback,partial  ,USA,Local Delivery,first-time ; backorder ; wholesale,!!!,,
ORD1243,01-09-2026 00:00,Melissa Alexander,63250,-,+1-434-245-3897x0561,"064 Amanda Stream Suite 977
Lake Timothy, WV 69534  ",Yoga Mat,9,$29.99,(40.49) ,21.59,$7.50,,,  Chargeback  ,\tFULFILLED, usa  ,  Standard ,,Leave at door,ORD1243,
1244-01,06/12/2025,Christopher Vasquez,CUST-582,hguzman@example.net,467.478.6253x18052,"8147 Figueroa Stravenue, North Stephanieton, NY 78523",Yoga Mat,4,(29.99),$0.00,10%,0,(119.96),,PAID, FULFILLED  ,  US,Express,first-time ; backorder ; vip,Call before delivery,,06/12/2025
01245,2026-01-12,\tJacob Powell ,99449,loganscott@example.org,370-254-9700,,Yoga Mat,10.0,(29.99),$44.98,20.99,$0.00,"299,90",US$,Paid,fulfilled,USA,  Pickup,"backorder , gift , first-time","\tFragile, handle with care  ",,
1246,07/12/2025,Matthew Burns,50964,,,"247 Wolfe Throughway Suite 412
Port Stephanie, MN 07536  ",WHEY PROTEIN,10,35.00,52.50,24.5,7.5,$350.00,usd,paid,unfulfilled,"California, US",Local Delivery,,Call before delivery,1246,
1247-01 ,11-28-2025 00:00,Kristina Harris,55543,owhite@example.org,883 840 3250x7200,"80297 Nichole Streets
North Ashley, OK 57512",YogaMat,3.0,29.99,10%,USD 5.40,FREE, 89.97 ,\tusd,Partially Refunded,fulfilled,usa,  Standard,"gift , first-time",,,
1248,2026-01-03,Nicholas Williams,CUST-965,jasonolson at example.com,353.944.8057x59376,"9017 Rebecca Port Apt. 069
Padillaside, RI 91421",Yoga Mat,05,29.99,\t0.0,USD 9.00,FREE,05,usd,PAID,FULFILLED,U S A,Local Delivery,first-time,Call before delivery,,2026-01-03
1249-01, 2025-12-13 ,  Jessica Morris,35988,nicholssarah@example.net,616-655-7424x08880,"5637 Jones Orchard
Lewisfort IL 55263",Running Shoes (Pro),5.0,89.99,$0.00,(27.00),$4.99 ,$449.95,USD,Paid,cancelled,"California, US",Express,,"Fragile, handle with care",1249-01,
ORD1250,2026-01-17, Jennifer Gordon, 93033,null,457.252.0217x329, ,Whey Protein,8.0,"35,00","28,00",, $7.50  ,280.0,US$,PAID,unfulfilled,United States,Local Delivery,gift;backorder,Call before delivery,,
ORD-1251,,Joseph Edwards,CUST-832,dperez@example.org,735.986.1926,"594 Alvarez Mews
Martineztown TN 86091",\trunning shoes (pro) ,  10-11 ,$89.99,45.0,(71.99),"9,99",899.9,\t  ,Chargeback,unfulfilled,US-CA,Local Delivery,wholesale ; backorder ; gift,!!!,,
 1252 ,12-09-2025 00:00,Bryan Ramirez,21259,michellewarner@example.org,(947)574-5742x9613," Unit 3097 Box 2759, DPO AA 65383  ",RUNNING SHOES (PRO),8,USD 89.99,$0.00,$50.39,FREE  ,(719.92),EUR,Chargeback,partial,U S A,Local Delivery, backorder|gift  ,Leave at door, 1252 ,12-09-2025 00:00
\tNULL,,Michael Rojas,CUST-467,sierrabishop@example.org,+1-434-780-4473x183," 2894 Leblanc Vista
Port Stacy, MP 27530 ",Yoga Mat, 08,  29.99  ,$23.99,"14,40 ",\t9.99  ,239.92,EUR,Partially Refunded,partial,"United States, CA",Standard,first-time ; vip,"Fragile, handle with care",,
#1254,2025-12-25,Troy Scott,62358,RAYMOND99@EXAMPLE.ORG,  (804)362-6457x7032  ,"9731 Casey Alley
Leonton, CA 41861",Running Shoes (Pro),  10.0  ,$89.99,,53.99,"7,50","\t899,90  ",USD,\tChargeback,unfulfilled,"California, US",International,backorder ; vip,,,
ORD-1255,2026-01-01,Dana Butler,83235,lindalawrence at example.net, ," 234 Rogers Meadows
East Richardville, AL 85215",Dumbbell Set 20kg,3,  USD 45.00  ,$13.50,USD 10.80,\t$4.99,"135,00",,Chargeback,fulfilled,U S A,International,"backorder , wholesale",Call before delivery,ORD-1255,
  1256-01 ,  unknown ,"\tWoodward, Lance  ",CUST-738,davidschaefer@example.org,327-290-1011x98452,"81369 Christopher Groves, Hollowaystad, HI 48700",WheyProtein,9,35.0,47.25,"22,05",,315.0,EUR,  paid,unfulfilled,"California, US",International,wholesale,"Fragile, handle with care",,  unknown 
1257-01,2025.12.30,Evan Kelly,,rodriguezdarius at example.org,(769)385-0509x1940,"94780 Dyer Fall Suite 424
Velazquezburgh, NC 79816",Yoga Mat,9-10,29.99,$0.00,$16.19,7.50 ,269.91,,Unpaid,\tFULFILLED ,"California, US",International,backorder ; first-time ; wholesale,!!!,,
ORD-1258,2026-01-11,Mr. Jeremy Hernandez,CUST-330,gilmoredarrell@example.org,4864407855,"769 Aaron Garden
South Kelsey, GA 67561",Yoga Mat,7-8,USD 29.99,0.00,"12,60",FREE,209.92999999999998,usd,Chargeback,FULFILLED,United States of America, Standard  ,vip/wholesale,Call before delivery,ORD-1258,
01259,2026/01/14 00:00:00,\tRebecca Li  ,50849,bryantrhonda at example.net,335.259.1401x16730,"  6324 Rojas Junctions Suite 809
West Tony, MP 51780  ",  Whey Protein  ,09,USD 35.00,31.5,18.90,7.5,315.0,,Unpaid,fulfilled,U S A,Local Delivery,wholesale,Call before delivery,,
01260,2025-12-11,Sarah Wilson,CUST-208,N/A,516-675-9872x312,"\t3461 Owens Extension
Michelleburgh, IN 41033  ",DUMBBELL SET 20KG,1,$45.00 ,4.5,,FREE,$45.00,US$,PAID,fulfilled,US-CA,Standard,gift/first-time,\tCall before delivery ,,2025-12-11
Order ID,Order Date,Customer Name,  Customer ID,Email,Phone,Address,\tProduct  ,Quantity,Unit Price,Discount,Tax,Shipping Cost,Total Price,Currency,Payment Status,Fulfillment Status,Shipping Country,Shipping Method,Order Tags,Notes,Order ID,
 1262,2025-12-17,Charles Escobar,  CUST-383  ,fowlerlaurie at example.org,001-823-204-5701x4846,"USCGC Bowman, FPO AE 79768",DumbbellSet20kg,3,45.0  ,15%,"9,45",9.99,  3, USD,Partially Refunded,cancelled,  U S A  ,International,"backorder , wholesale , first-time",,,
\t1263,2025-12-20,Amanda Kelley,89943,,\tnull ,"54357 Tran Village
North Taylorview, AR 12264",\tWhey Protein ,7,  35.0  ,$0.00,(19.60),0,\t245.0 ,EUR,Paid, unfulfilled ,United States of America,International,,,,
1264,unknown,Randall Robinson ,CUST-369,N/A ,(961)503-7931,-,Whey Protein,6,(35.00),USD 10.50,USD 12.60,0,  210.0  ,usd, Paid,FULFILLED,"United States, CA",International,backorder,"Fragile, handle with care",1264,unknown
01265,\t2026-01-21,Jason Thomas,CUST-746,user at mail.com,\t278.709.4269x90129  ,"8972 Paul Garden
West Leahville, PW 54028",Stainless Water Bottle,4 pcs,15.5,9.3,USD 4.96,(4.99),"62,00", ,Unpaid,unfulfilled,usa,Express,"backorder,vip  ",Call before delivery,,
1266-01,\t01-07-2026 00:00  ,Matthew Walker,31247,nichole35@example.net,(915)448-2129,"250 Anderson Street Suite 828
New Isaiahmouth, ND 48069",Running Shoes (Pro)  ,9,USD 89.99,80.99,\t48.59 ,4.99,"809,91",,Partially Refunded,fulfilled,U.S.A.,International,first-time;wholesale;gift,,,
 1267 ,04/01/2026,Lisa Gutierrez,70825,stevesmith@example.com,(651)817-0482,\t-,Yoga Mat,6,29.99,(0.00),"12,60",7.5,(179.94)  ,,Refunded,partial, usa  , International ,"wholesale , backorder",, 1267 ,
\t01268  ,12/01/2026,\tElizabeth Garrett, CUST-985 ,dawn63@example.com,  (430)692-1212x56659,"PSC 5042, Box 5786
APO AA 79162", Whey Protein,2.0,35.0,\t10.5,$4.20,9.99,USD 70.00,,PAID,fulfilled,"United States, CA",Express,wholesale;backorder,!!!,,12/01/2026
\tORD1269,05/01/2026, Christopher Baldwin, na  ,N/A,+1-720-470-8390x319,"12228 Williams Junction Suite 271, South Stephanie, ID 53977",Yoga Mat,9,29.99,13.50,$16.19,$0.00,269.91,,Refunded,partial,United States of America,Local Delivery,\tfirst-time;gift,Leave at door,,
ORD-1270,  2026/01/18 00:00:00,Denise Watkins,CUST-661,asosa@example.org,740.440.5225x19774,"USCGC Holmes, FPO AE 32277",Dumbbell Set 20kg,3.0,\tUSD 45.00 ,(0.00),$10.80,9.99,$135.00,USD,Chargeback,FULFILLED,United States,Express,first-time  ,,ORD-1270,
ORD-1271,2026/01/01 00:00:00," Green, Emily  ",CUST-529,  lauren67@example.net  ,(869)553-8057x17754, ,WheyProtein,2-3,35.0,USD 7.00,5.6,0,70.0,US$,Unpaid  ,unfulfilled,"United States, CA",Pickup, gift ,Leave at door,,
1272-01, 03/12/2025 ,Adam Miller PhD,56944 ,fhughes@example.net,001 978 945 1101x105,"78277 Jensen Groves
Lake Robinton DC 94627",Yoga Mat,10,29.99,29.99,23.99,7.5,  $299.90 ,usd,paid,cancelled,"United States, CA",Pickup,first-time,"Fragile, handle with care",, 03/12/2025 
1273,2026-01-06  ,Anthony Silva,26027,bfranco@example.com,987.564.3465x839," 2612 Michael Tunnel
New Meganborough, MT 29300  ",stainless water bottle,10-11,(15.50),7.75, 10.85 ,,USD 155.00,,Refunded,  FULFILLED  ,U.S.A.,  International  ,"wholesale , gift",Leave at door,1273,
1274-01,24/01/2026,Robert Smith, ,sheila52@example.org,(764)471-1337x9125,"681 Wood Roads Apt. 418
Toddchester, WI 26160",Wh3y Protein,4,$35.00,$21.00 ,8.4,4.99,,usd,Partially Refunded,cancelled,US,Local Delivery,,Leave at door,,
1275-01,,Nicole Wallace,CUST-275,williamconner@example.com,+1-373-327-3282x9236,"6566 Carter Gateway Apt. 107
South Bradview, AZ 51397",  RunningShoes(Pro) ,1,USD 89.99,10%,7.2,FREE,$89.99,USD,paid,partial,"California, US",Local Delivery,first-time|backorder|wholesale,,,
01276,01-21-2026 00:00,"Ayers, Shawn",  - ,copelandjesse@example.net,001-519-790-0474x69184,"756 David Extension, Loweview, TX 72122  ",Dumbbell Set 20kg,7-8,45.0,47.25,18.9,4.99,,  US$ ,Paid,partial,\tU.S.A.,International,vip,Leave at door,01276,01-21-2026 00:00
null, 18/12/2025  ,"Woods, Mary",CUST-354,wesleyclay at example.net,(863)758-9072x740,"19786 Vazquez Court Suite 251
Joannborough, HI 40669",Running Shoes (Pro),  3,89.99, 13.5 ,USD 21.60,(0.00),269.96999999999997,EUR,Unpaid,FULFILLED,United States of America,Standard,first-time,!!!,,
1278-01,\t2026/01/25 00:00:00 ,Sarah Silva,CUST-933, christianrichardson@example.com  ,  NULL  ,,Yoga Mat,1.0,29.99,3.0,(1.80),,29.99,, Refunded,fulfilled,\tUnited States,  International  ,,,,
 01279,2026-01-07,Matthew Rice,null,xwilson at example.com,NULL,"7412 Perez Center Apt. 917, Patriciaport, ID 90738",Running Sho3s (Pro),10-11  ,USD 89.99,\tUSD 134.98  ,10%,USD 0.00,, ,Unpaid,FULFILLED,US-CA,International,"backorder,gift",Leave at door, 01279,
ORD1280,,Cynthia George,CUST-484,unknown@,3048118950,"Unit 3746 Box 0529
DPO AP 37302", running shoes (pro),\t5.0  ,89.99,$67.49,USD 36.00  ,"0,00",$449.95,,Paid,FULFILLED,usa,Local Delivery,,,,
 1281 ,2026-01-03,Stephen Greene,17802,shawndavis at example.org,505.892.3458,"Unit 6523 Box 9105
DPO AA 03506",Stainless Water Bottle,10,$15.50,$15.50,  (9.30)  ,7.5,10,,\tPAID ,FULFILLED,\tU S A,Pickup,"first-time , wholesale , gift",Call before delivery,,
 ORD1282 ,2025-12-20,Laura Brown,22499,cynthia34@example.com,+1-923-277-9437x029,"USS Branch, FPO AA 92879", Running Shoes (Pro) ,01,89.99,4.5,USD 5.40,FREE,USD 89.99,USD ,Chargeback,partial,U.S.A.,International,,Leave at door, ORD1282 ,
#1283,12-03-2025 00:00,Lindsay Alvarez, ,levijoseph@example.com,(847)638-9294,"2240 Ramos Expressway, Jasonmouth, NC 44213",  Dumbbell Set 20kg,9 pcs,USD 45.00,$40.50,32.40,FREE,(405.00),US$,\tPaid,FULFILLED,"United States, CA",Standard,backorder, !!!,,
-,30/12/2025,Manuel Gordon,\tCUST-261 ,timothy86@example.com,466-686-6341x55269,"PSC 4112, Box 3437
APO AP 17800",Yoga Mat, 9.0 ,$29.99,13.5 ,\t21.59, FREE,  $269.91  ,US$,  Chargeback  ,unfulfilled  ,usa,Pickup,gift/vip,Call before delivery,,30/12/2025
1285-01,2025.11.28,Tracy Collins,CUST-845,unknown@,2322046694,"870 Nancy Avenue Suite 996
South Joshuamouth PA 04830",Yoga Mat ,02,29.99,,4.8,7.5,  59.98  ,,Unpaid,unfulfilled,U.S.A.,Standard,,,1285-01,
01286,2025-12-17,Erica Gray,46975,kimberlyhood@example.net,null,"505 Young Glens
South Wendy, MO 63969",Whey Protein,\t05,35.0,26.25,$10.50,USD 7.50,175.0  ,usd,Refunded,unfulfilled,United States of America,Express,vip|backorder|first-time,!!!,,
01287,2025-12-29,\tPeter Harris  ,CUST-841,walshpamela@example.net ,221 382 9384x522,"062 Reyes Turnpike
Lake Jameshaven, FM 86280",whey protein,\t10  ,$35.00,USD 35.00,20%,"9,99",  350.0 ,USD,  paid ,unfulfilled,US,International,wholesale,Leave at door,,
 1288 ,01-03-2026 00:00,Dillon Sullivan,34265,ZACHARY51@EXAMPLE.NET,(561)516-5014x9760,"\t44113 Jackson Ridge Suite 776
New Melissa, KY 80160 ", RUNNING SHOES (PRO) ,3 pcs,89.99,0.0,\t(21.60),USD 7.50,269.96999999999997,EUR,PAID,cancelled,United States of America,Standard,gift ; vip ; wholesale,Leave at door, 1288 ,01-03-2026 00:00
 1289 ,12-02-2025 00:00,  Keith Good ,CUST-750,normaprice@example.com,579.254.8284x2131,"167 Miller Crest
Davidborough, SC 55176",Whey Protein, 9  ,35.0,USD 15.75  ,$22.05,\t$9.99 ,9,USD,PAID,cancelled,U.S.A.,Local Delivery,,,,
ORD1290,2025-12-09,\tSherry Smith,\tCUST-152 ,,254-848-8887,62215 Reyes Plaza Apt. 074 South Rachel NM 34592,whey protein  ,10,(35.00),$17.50,28.0,0,"350,00",USD,Unpaid,FULFILLED  , U.S.A.  ,\tInternational,gift ,   ,,
 1291 ,2026-01-09,Stephanie Diaz,CUST-922,ewright at example.net,210.668.3824,"  66946 Daniel Mountains Suite 924
East Mary, WI 45302",DumbbellSet20kg,3,$45.00,,5%,7.5,135.0,\tUSD,Chargeback,FULFILLED,"United States, CA",International,,, 1291 ,
 1292   ,31/12/2025,Samantha Fields,CUST-315,browningcorey@example.org,+1-358-509-0244x55279 ,"01513 Olivia Valleys Apt. 049
North Tiffany, MI 08294",Running Shoes (Pro),  3 pcs  ,$89.99,(13.50),21.6, 9.99  ,$269.97,USD,PAID,FULFILLED,U.S.A.,International,\tvip;wholesale ,  Call before delivery,,31/12/2025
   1293   ,,Samantha Mann,13541,matthew40@example.com,001 950 773 9346x305,"00740 Ward Village Suite 598
Nunezmouth PW 74235",DumbbellSet20kg,2,45.00,13.5,,USD 0.00,USD 90.00,EUR,Unpaid,cancelled, USA,Pickup,wholesale|backorder|first-time,!!!,,
1294-01,2025-12-26,Michelle Carpenter,68923,crystal08@example.org,886.932.3699,"662 Lang Vista Apt. 517
South Eric, MD 20440",Stainless Water Bottle,4,$15.50,9.3,20%,9.99,62.0,usd  ,Partially Refunded,  FULFILLED  ,"California, US",Local Delivery,gift,,1294-01,
#1295,,  Leah Luna,  CUST-740  ,nicholaswhite at example.com,2933278499," 98935 Chung Curve
Rushchester, CO 42434  ",Stainless Water Bottle,5.0,15.50,USD 7.75,$5.43,FREE,$77.50,US$,Paid,cancelled,\tusa,International,\tgift/first-time  ,Call before delivery,,
01296,2026/01/18 00:00:00,"Johnson, Angel",,matthew37 at example.com,001-423-515-0982,"580 Nguyen Ville Suite 366
North Melissa, MN 81821",Running Shoes (Pro),6,  89.99 ,  15%,43.2,$4.99, USD 539.94,,PAID,cancelled,US-CA,International,"backorder,wholesale",!!!,,2026/01/18 00:00:00
01297, 2026-01-01,"Hall, Antonio",CUST-146,johnsondavid@example.org,\t897297 2126,"27721 Williams Trail
Perezberg, FM 72252",Bottle Steel,07,$15.50,  0.0  ,7.60,0,108.50,usd,  Paid,fulfilled,US-CA,Express,,Leave at door,01297,
ORD1298,12-24-2025 00:00,"James, James",CUST-322,umoore@example.net,+1-894-883-9684x9265,,DumbbellSet20kg,06,  45.0,13.5,"18,90",0,$270.00,,Chargeback,fulfilled,usa,Pickup,first-time,Call before delivery,,
ORD-1299,,Belinda Carter,CUST-901,david23@example.org,6156504589,"725 Zachary Curve Suite 464
Lake Bradley, PR 66409",\tWHEY PROTEIN,5 pcs,35.0,5%,10%,4.99,175.0,EUR,Paid,fulfilled,U S A, International ,first-time,Call before delivery,,
#1083,2025-12-04,Brandi Hudson,  CUST-429,christy21@example.com,920.601.0140," 63874 Wilson Turnpike Apt. 760, Larryborough, VI 16543 ",Running Shoes (Pro),\t8,$89.99,10%,\t$43.20  ,USD 4.99,$719.92  ,usd,Unpaid,partial ,\tUSA,Express,vip/wholesale/backorder,,#1083,2025-12-04
ORD1084,unknown,Nathan Gill,CUST-645,pblankenship@example.org,001-752-525-1167x7735,"84626 Ashley Skyway Suite 393
Reyesbury, KY 23898",Stainless Water Bottle,1.0,(15.50),$2.32,$0.93,USD 9.99,$15.50,USD,Partially Refunded,unfulfilled,U.S.A.,Express,"backorder,gift",!!!,,
ORD-1053,,\tJason Cook ,CUST-420  ,raymondhorn@example.org,001-752-894-0716,"\t6002 Maureen Views Suite 406
Ashleyview, CO 53713",running shoes (pro),2-3,89.99,20%,10.80,7.50,$179.98 ,,Partially Refunded,cancelled,US-CA,Local Delivery,first-time,!!!,,
ORD1206,05/12/2025,,20482,xwilliams@example.net,  375-680-5077 , ,Yoga Mat,4,29.99,$0.00,"8,40",$0.00,USD 119.96,EUR,Partially Refunded,unfulfilled,USA,Standard,first-time,"Fragile, handle with care",ORD1206,
ORD-1166,,Crystal Mack,CUST-595,user at mail.com,  711-555-8911 ,"\t10620 Austin Camp, Johnchester, MS 06327",Yoga Mat,1 pcs,29.99,$1.50,  USD 2.40,4.99,"29,99",US$,Partially Refunded,partial,U.S.A., International ,"  backorder , wholesale , first-time","Fragile, handle with care",,
01212,23/12/2027,Brian Butler,CUST-851,michael52@example.com,552-681-8248,N/A  ,\tYoga Mat ,9-10,$29.99,0.0, $16.19 ,$7.50,269.90999999999997,,Partially Refunded,cancelled,"California, US",Standard,,!!!,,
01136,2026-01-22,Richard Sandoval,CUST-281,heatherturner@example.net,,"59976 Brandt Mount
Charlotteville, MS 52987",running shoes (pro),8,89.99,USD 36.00,, USD 4.99  ,  719.92  ,US$,Partially Refunded, FULFILLED,usa,Standard,first-time;vip;gift,"Fragile, handle with care",01136,
1139-01,07/01/2026,Bethany Jones,CUST-657,,332913 7391,"723 Robert Crossing
Melissaville, HI 27317",Yoga Mat,5-6,"  29,99  ",7.50,12.0  ,  4.99  ,149.95,EUR,Refunded,partial,"California, US",International,gift;first-time;wholesale,"Fragile, handle with care",,
-,04/12/2025,Yvonne Tucker,CUST-367,lisa28 at example.net,001 971 876 7222x0785,"976 Hernandez Plaza
Danielland WY 01092",Whey Protein,4 pcs,35.00," 21,00",8.4,7.50,$140.00,usd,Partially Refunded,unfulfilled,US-CA,International,,\tLeave at door,,04/12/2025
ORD-1077,2026-01-16,Beverly Nelson,CUST-123,unknown@,924876 7409x8664,"3188 Flores Valleys Apt. 011
North Daniel, IN 55193",Running Shoes (Pro),6-7,89.99,  USD 0.00  ,37.8,$4.99,539.9399999999999,usd,Partially Refunded,unfulfilled,"United States, CA",International,gift|wholesale|first-time,,ORD-1077,
